"date","phenocam","doy","rcc","gcc","bcc","brt","night.filtered","spline.filtered","max.filtered","year","soil_sensor","sm5cm_daily_mean","sm30cm_daily_mean","sm5cm_daily_min","sm30cm_daily_min","sm5cm_daily_10th","sm30cm_daily_10th","sm5cm_daily_25th","sm30cm_daily_25th","sm5cm_3day90th","sm30cm_3day90th","sm5cm_3day10th","sm30cm_3day10th","sm5cm_3day25th","sm30cm_3day25th","stemp5_daily_mean","stemp30_daily_mean","airtemp_daily_mean","airtemp_daily_min","snowdepth_daily_mean","stemp5_3day90th","stemp30_3day90th","snowdepth_3day90th","air_3day90th"
"2018-09-24",15,267,0.410099959638766,0.375234692298554,0.215634859127129,337.656030856413,0.375234692298554,0.375234692298554,0.377378049291781,2018,"a",0.728263888888889,0.1804375,0.728,0.177,0.728,0.178,0.728,0.179,0.729,0.187,0.728,0.178,0.728,0.18,11.0071527777778,23.7411111111111,5.78597222222222,1,3414.5,15.444,24.3,3430,10.412
"2018-09-28",11,271,0.443726959774958,0.352123186429486,0.204556493665839,362.417636324099,0.352123186429486,0.352123186429486,0.353725504844595,2018,"b",0.0302986111111111,-0.0299027777777778,0.025,-0.03,0.026,-0.03,0.027,-0.03,0.036,-0.029,0.025,-0.03,0.026,-0.03,9.24833333333333,8.87291666666667,6.1665625,1,3751.79166666667,12.769,9.28,3775,11.11
"2018-11-14",17,318,0.286670747374499,0.34505552202897,0.368346695020682,630.461904036171,0.34505552202897,0.34505552202897,0.345460115084582,2018,"b",0.381555555555556,0.269159722222222,0.372,0.265,0.3733,0.2653,0.379,0.269,0.388,0.271,0.376,0.266,0.382,0.27,-3.44963194444444,-0.331208333333333,-3.17488194444444,-6.686,3421.45833333333,-2.44,-0.2271,3437,-0.905399999999997
"2018-09-28",19,271,0.39511667652116,0.349469184705112,0.255265829049218,352.263434391182,0.349469184705112,0.349469184705112,0.351913720029246,2018,"b",0.0552222222222222,0.060625,0.052,0.06,0.053,0.06,0.053,0.06,0.059,0.062,0.051,0.06,0.053,0.06,10.0232569444444,8.58847222222222,6.75632638888889,1,500,17.27,9.15,500,11.973
"2018-09-14",20,257,0.407202038997006,0.353836063655069,0.239404987577266,491.34130415948,0.353836063655069,0.353836063655069,0.356998384824275,2018,"b",0.0944166666666667,0.109847222222222,0.088,0.109,0.091,0.109,0.092,0.109,0.107,0.113,0.081,0.107,0.087,0.108,12.0424513888889,9.09243055555556,12.204375,1,772.75,18.15,9.519,1314,16.905
"2018-06-01",20,152,0.359859753282405,0.35193381471545,0.28714251800034,425.128264614143,0.35193381471545,0.35193381471545,0.354096105265899,2018,"b",0.430520833333333,0.461402777777778,0.428,0.451,0.429,0.451,0.43,0.45375,0.485,0.481,0.414,0.447,0.415,0.45,6.85014583333333,3.42924305555556,8.79013888888889,1,3423.11805555556,9.803,3.9333,3438,11.92
"2017-11-02",18,306,0.299092026156468,0.332789866289794,0.369361249580397,326.608365006867,0.332789866289794,0.332789866289794,0.334884827708078,2017,"b",0.1283125,0.0915833333333333,0.123,0.09,0.124,0.0903,0.128,0.091,0.134,0.092,0.123,0.089,0.126,0.09,-0.100694444444444,0.623069444444444,1.22804166666667,-0.73,3517.45138888889,0.0097000000000001,0.8039,3534,3.5848
"2018-07-11",6,192,0.371509969309829,0.430649168502591,0.197754837049071,289.840596137571,0.430649168502591,0.430649168502591,0.432895610982685,2018,"b",0.218763888888889,0.260743055555556,0.218,0.248,0.218,0.25,0.218,0.256,0.221,0.279,0.217,0.249,0.217,0.253,4.25536805555556,8.16356944444444,14.170625,1,3071.07638888889,4.6228,9.888,3100,16.83
"2018-07-05",19,186,0.352078520550765,0.446925987800146,0.200970739375443,301.200616190139,0.446925987800146,0.446925987800146,0.451341325027341,2018,"b",0.226270833333333,0.172604166666667,0.222,0.171,0.222,0.172,0.224,0.172,0.241,0.177,0.219,0.17,0.221,0.171,13.2981944444444,10.3554861111111,9.61982638888889,1,3256,17.55,10.67,2209.6,15.537
"2018-10-16",15,289,0.282202982818639,0.341704492597702,0.374451508210844,556.851602303605,0.341704492597702,0.341704492597702,0.343380426778128,2018,"a",0.728485714285714,0.2206,0.728,0.218,0.728,0.218,0.728,0.219,0.729,0.224,0.728,0.218,0.728,0.219,1.10277142857143,13.7780714285714,-4.21396428571429,-6.764,3334.23571428571,1.4157,14.097,3393.7,-0.71
"2018-08-06",11,218,0.389693068738658,0.410524858006691,0.199736058893389,315.315563317674,0.410524858006691,0.410524858006691,0.413032207192342,2018,"b",0.186659722222222,-0.00711805555555556,0.145,-0.008,0.1483,-0.008,0.16875,-0.007,0.2279,-0.006,0.1241,-0.009,0.141,-0.008,12.7134027777778,11.0330555555556,10.0590347222222,1,3787.92361111111,18.71,12.3,3799,13.972
"2018-09-11",16,254,0.405159739972673,0.354088168788687,0.24039385265437,340.827577191867,0.354088168788687,0.354088168788687,0.354451701293387,2018,"b",0.0971041666666667,0.0461875,0.096,0.042,0.096,0.042,0.097,0.043,0.098,0.052,0.096,0.038,0.097,0.042,8.77381944444445,10.4254930555556,11.3336805555556,1,3273,9.26,14.76,3296,15.379
"2018-07-06",9,187,0.365130684594567,0.395839539490669,0.238787365707791,331.552706681166,0.395839539490669,0.395839539490669,0.398260719303623,2018,"b",0.115159722222222,0.112861111111111,0.113,0.109,0.114,0.11,0.115,0.11,0.117,0.117,0.114,0.108,0.115,0.11,10.1916805555556,8.20152777777778,11.7153958333333,1,2553.03472222222,14.675,8.54,2563,15.235
"2018-09-21",16,264,0.401554310422356,0.350250460464074,0.24819522911357,354.662700905661,0.350250460464074,0.350250460464074,0.351055959582243,2018,"b",0.0857152777777778,0.0267291666666667,0.085,0.021,0.085,0.022,0.085,0.022,0.089,0.035,0.085,0.022,0.085,0.023,9.70069444444444,9.36031944444444,6.44405555555556,1,3283.63194444444,10.829,14.386,3295,11.718
"2018-07-31",8,212,0.375120057228915,0.399322705752331,0.225365847260694,309.738315682668,0.399322705752331,0.399322705752331,0.402118498415035,2018,"b",0.144652777777778,0.151326388888889,0.123,0.142,0.127,0.143,0.146,0.14875,0.172,0.158,0.116,0.142,0.12175,0.144,9.75811111111111,7.92301388888889,7.78093055555556,1,2431.18055555556,12,8.25,2473,12.445
"2018-11-14",16,318,0.295238607656453,0.328472343797202,0.376654374651893,604.894155542635,0.328472343797202,0.328472343797202,0.328998137779687,2018,"b",0.174222222222222,0.109465277777778,0.173,0.108,0.174,0.108,0.174,0.108,0.175,0.111,0.172,0.1,0.173,0.108,0.521756944444444,-0.750465277777778,-3.30363888888889,-7.074,3108.67361111111,0.6049,-0.686,3136,-0.859499999999996
"2018-09-11",20,254,0.409905829997982,0.356122204441629,0.234466140208846,476.459901703646,0.356122204441629,0.356122204441629,0.359094205382547,2018,"b",0.114673611111111,0.1143125,0.111,0.114,0.112,0.114,0.112,0.114,0.119,0.115,0.104,0.114,0.111,0.114,9.95421527777778,8.0834375,11.4179166666667,1,2009.57638888889,15.258,8.49,3432,15.619
"2018-07-07",20,188,0.349193830916968,0.411321245806157,0.238105005642143,344.723617584788,0.411321245806157,0.411321245806157,0.413220394662081,2018,"b",0.178631944444444,0.2115,0.173,0.21,0.174,0.211,0.178,0.211,0.187,0.215,0.174,0.209,0.175,0.211,9.63382638888889,7.69107638888889,12.8609722222222,1,3404.42361111111,12.27,8.21,3420.9,16.718
"2018-08-01",20,213,0.376867759884907,0.401992846464867,0.221730931536224,362.655468219161,0.401992846464867,0.401992846464867,0.403754862081223,2018,"b",0.176298611111111,0.186708333333333,0.168,0.185,0.172,0.185,0.176,0.186,0.193,0.191,0.162,0.183,0.164,0.184,11.4149305555556,9.79520833333333,10.7025416666667,1,3422.51388888889,16.501,10.03,3432,15.059
"2018-07-15",16,196,0.355508408022386,0.398349510837754,0.246611100190021,326.530105898519,0.398349510837754,0.398349510837754,0.405576720768713,2018,"b",0.227486111111111,0.0464444444444444,0.227,0.044,0.227,0.044,0.227,0.044,0.233,0.055,0.226,0.043,0.227,0.044,8.84361111111111,11.2447916666667,10.3316458333333,1,3263.19444444444,8.98,14.333,3287,15.52
"2018-10-29",16,302,0.297175139970371,0.330223975522338,0.372566178752571,507.198679553764,0.330223975522338,0.330223975522338,0.33090260786122,2018,"b",0.102194444444444,0.260895833333333,0.102,0.255,0.102,0.2553,0.102,0.256,0.103,0.27,0.1,0.23,0.101,0.233,1.88375694444444,1.78854861111111,4.21425694444444,1,3276.15972222222,2.1977,2.816,3292,5.8457
"2018-08-26",15,238,0.395366428984579,0.405459395890733,0.198519086419157,319.86451736834,0.405459395890733,0.405459395890733,0.41077538332578,2018,"a",0.728930555555556,0.1954375,0.728,0.19,0.729,0.19,0.729,0.193,0.729,0.2,0.728,0.191,0.729,0.192,14.1924305555556,23.5525,11.2324305555556,1,3423.36111111111,18.246,24.439,3431,14.189
"2018-06-15",15,166,0.355096241538688,0.406183319908636,0.238473339237874,324.532032831661,0.406183319908636,0.406183319908636,0.416769078981321,2018,"a",0.728590277777778,0.241638888888889,0.728,0.238,0.728,0.239,0.728,0.24,0.729,0.246,0.728,0.239,0.728,0.24,13.6183333333333,18.9646527777778,12.8359722222222,1,3434.86111111111,17.615,20.147,3442,14.86
"2018-08-05",19,217,0.3808253409099,0.416769052549433,0.201663716522139,305.250500543447,0.416769052549433,0.416769052549433,0.42488469297537,2018,"b",0.245972222222222,0.169923611111111,0.236,0.165,0.238,0.166,0.238,0.16775,0.253,0.194,0.2082,0.16,0.238,0.163,12.4221805555556,10.5451388888889,10.9642361111111,1,500,18.929,11.18,500,14.729
"2018-06-11",20,162,0.352675962451155,0.376858705642437,0.270678504901619,378.148779503732,0.376858705642437,0.376858705642437,0.381308347678595,2018,"b",0.331923611111111,0.271097222222222,0.323,0.266,0.325,0.267,0.33,0.268,0.348,0.285,0.317,0.257,0.32,0.261,9.040125,5.65003472222222,8.407875,1,3417.86805555556,13.24,5.831,3428,14.598
"2018-08-10",8,222,0.383412272878418,0.385261016837867,0.230629501291477,314.401887279742,0.385261016837867,0.385261016837867,0.387807309233798,2018,"b",0.154590277777778,0.143263888888889,0.14,0.136,0.1453,0.137,0.153,0.14275,0.181,0.153,0.133,0.136,0.137,0.138,9.39388194444444,7.977375,9.90618055555556,1,2480.11805555556,12.229,8.25,2505,14.267
"2018-09-02",16,245,0.394084556195067,0.358675500258849,0.247239943546083,339.267657544056,0.358675500258849,0.358675500258849,0.359539353170258,2018,"b",0.0995,0.0311458333333333,0.096,0.027,0.097,0.028,0.099,0.028,0.101,0.033,0.095,0.023,0.096,0.026,9.77020833333333,10.3980902777778,8.44998611111111,1,3269.86805555556,10.419,13.449,3292,10.678
"2018-11-16",13,320,0.264788084930079,0.335737399433588,0.399474515636333,410.673612780621,0.335737399433588,0.335737399433588,0.341514368552121,2018,"b",0.101486111111111,0.442763888888889,0.096,0.441,0.097,0.442,0.098,0.442,0.111,0.444,0.093,0.442,0.097,0.442,-0.679465277777778,0.499111111111111,-3.25964583333333,-4.686,2986.5,-0.664,0.514,2994,-2.095
"2018-09-01",20,244,0.407136451619129,0.36417855816837,0.227861466705991,442.490712669787,0.36417855816837,0.36417855816837,0.367147577248166,2018,"b",0.100888888888889,0.131368055555556,0.096,0.13,0.098,0.13,0.099,0.131,0.1159,0.137,0.092,0.128,0.095,0.129,10.1871111111111,9.21472222222222,8.48954861111111,1,886.541666666667,14.447,9.609,1340.4,12.459
"2018-09-16",20,259,0.402606537945323,0.352346915604554,0.245448240413159,494.386313335381,0.352346915604554,0.352346915604554,0.356481247240597,2018,"b",0.0747013888888889,0.104243055555556,0.07,0.103,0.071,0.103,0.072,0.104,0.086,0.108,0.065,0.101,0.069,0.102,12.7336805555556,9.56395833333333,12.4866666666667,1,1482.49305555556,18.234,10.01,1496,16.488
"2018-07-03",20,184,0.350993334899278,0.411822839624844,0.235597661171268,341.749788683073,0.411822839624844,0.411822839624844,0.41495233508207,2018,"b",0.211444444444444,0.218208333333333,0.204,0.216,0.205,0.217,0.2115,0.217,0.228,0.222,0.201,0.215,0.20275,0.217,10.8199791666667,7.88525694444444,12.4170833333333,1,3417.22222222222,14.24,8.22,3433,16.055
"2018-09-14",16,257,0.403353676457274,0.352709279214688,0.243717448259129,342.039147094745,0.352709279214688,0.352709279214688,0.353314771890842,2018,"b",0.0942916666666667,0.0374930555555556,0.092,0.033,0.094,0.033,0.094,0.034,0.096,0.045,0.092,0.03,0.093,0.033,10.1775,12.98875,11.8592361111111,1,3253.99305555556,10.669,17.792,3282,16.25
"2018-07-15",20,196,0.358654032103448,0.407554044550701,0.234808883781666,370.382217881064,0.407554044550701,0.407554044550701,0.410220143693319,2018,"b",0.112416666666667,0.196118055555556,0.11,0.196,0.11,0.196,0.111,0.196,0.122,0.198,0.111,0.195,0.114,0.196,10.7450694444444,9.02104166666667,10.3664236111111,1,3396.84027777778,14.147,9.25,3436,15.835
"2018-10-02",19,275,0.405220791031718,0.349556511690963,0.24509299365298,344.973636148772,0.349556511690963,0.349556511690963,0.351630408439871,2018,"b",0.05,0.0584375,0.048,0.057,0.049,0.058,0.049,0.058,0.059,0.06,0.048,0.058,0.049,0.058,8.28122916666667,8.95631944444444,5.81568055555556,1,500,12.807,9.67,500,7.9574
"2018-09-19",19,262,0.402836649817331,0.34771904965462,0.248753632369025,341.206527577835,0.34771904965462,0.34771904965462,0.350940353554094,2018,"b",0.0520694444444444,0.0630972222222222,0.049,0.062,0.049,0.062,0.05,0.063,0.059,0.065,0.05,0.063,0.052,0.06375,13.3108333333333,12.0140277777778,10.6352430555556,1,500,19.498,12.43,500,14.7
"2018-08-02",11,214,0.387605252029858,0.411323074903197,0.200747989466685,306.501039627289,0.411323074903197,0.411323074903197,0.415796936959716,2018,"b",0.0505416666666667,-0.0109513888888889,0.047,-0.012,0.049,-0.011,0.05,-0.011,0.0639,-0.009,0.044,-0.012,0.047,-0.012,13.85125,11.9054166666667,11.6924513888889,1,3746.15972222222,17.17,12.79,3792,14.365
"2018-11-12",20,316,0.299711995320145,0.332778644749999,0.367615608802803,656.075462930145,0.332778644749999,0.332778644749999,0.333115712694364,2018,"b",0.155666666666667,0.186534722222222,0.147,0.186,0.1493,0.186,0.152,0.186,0.181,0.188,0.14,0.185,0.146,0.186,-0.945152777777778,0.555076388888889,-18.4215277777778,-22.83,1836.26388888889,-0.904,0.586,3393,-6.0834
"2018-08-20",9,232,0.425694267437274,0.366653262314999,0.204934796680081,329.564034025776,0.366653262314999,0.366653262314999,0.367132998696283,2018,"b",0.182979166666667,0.0906458333333333,0.15,0.088,0.155,0.088,0.17075,0.09,0.2879,0.111,0.146,0.09,0.17375,0.091,9.63183333333333,8.82861111111111,7.13714583333333,1,2559.66666666667,15.24,9.8,2570,10.19
"2018-10-18",17,291,0.289981120688444,0.342909562862277,0.366643935532939,583.163768447256,0.342909562862277,0.342909562862277,0.344847510781907,2018,"b",0.363006944444444,0.264555555555556,0.359,0.258,0.36,0.2593,0.362,0.262,0.37,0.269,0.3581,0.261,0.36,0.263,-0.107444444444444,1.77999305555556,-0.646902777777778,-4.722,3477.65277777778,0.6159,2.105,3566,2.1111
"2018-07-02",20,183,0.356458704097347,0.413138957578793,0.230587400801125,348.271962872622,0.413138957578793,0.413138957578793,0.415499113432058,2018,"b",0.226513888888889,0.221020833333333,0.215,0.218,0.221,0.219,0.227,0.22,0.239,0.224,0.212,0.218,0.214,0.219,10.5981180555556,7.42527777777778,11.8440069444444,1,3411.86111111111,14.591,8.209,3432,15.777
"2018-08-16",8,228,0.40392150022543,0.376047075438947,0.219554498893364,328.329847428909,0.376047075438947,0.376047075438947,0.377813138798116,2018,"b",0.0620763888888889,0.0958611111111111,0.056,0.092,0.057,0.092,0.06,0.09475,0.071,0.107,0.055,0.092,0.058,0.093,10.4745486111111,8.26006944444445,10.7783541666667,1,2484.38888888889,12.96,8.5,2501,14.325
"2018-10-11",19,284,0.290573730757424,0.331150397124002,0.378275872118574,582.760512236523,0.331150397124002,0.331503973794739,0.335132604367094,2018,"b",0.250993055555556,0.159555555555556,0.25,0.159,0.25,0.159,0.251,0.159,0.255,0.163,0.25,0.159,0.251,0.159,1.52188888888889,4.22056944444444,-3.94258333333333,-6.072,500,1.931,4.993,4411,-0.165399999999998
"2018-10-13",13,286,0.323192715514726,0.351922726424295,0.32584198913117,364.256602671979,0.351922726424295,0.351922726424295,0.352749705887656,2018,"b",0.179611111111111,0.431319444444444,0.175,0.425,0.175,0.426,0.176,0.428,0.189,0.434,0.176,0.427,0.176,0.43,0.256972222222222,2.73252777777778,0.0894236111111111,-2.347,3237.98611111111,0.8564,3.0639,3256,0.6647
"2018-08-15",15,227,0.382532179692935,0.416982050358994,0.200664012114294,307.598102005036,0.416982050358994,0.416982050358994,0.422618393350851,2018,"a",0.728,0.182916666666667,0.728,0.173,0.728,0.174,0.728,0.17875,0.729,0.187,0.728,0.173,0.728,0.177,14.3767361111111,24.9814583333333,11.3380902777778,1,3422.57638888889,20.705,26.509,3437.9,15.79
"2018-08-15",16,227,0.391637949658233,0.377597872541536,0.229139162696384,327.363028374658,0.377597872541536,0.377597872541536,0.381111823755169,2018,"b",0.119597222222222,0.0364583333333333,0.115,0.031,0.117,0.032,0.119,0.032,0.123,0.0439,0.114,0.03,0.115,0.032,11.0306944444444,13.236875,10.8330208333333,1,3267.9375,11.77,18.175,3301,15.318
"2018-09-30",8,273,0.389267656373984,0.37243704679894,0.238515092641195,311.429796192998,0.37243704679894,0.37243704679894,0.373085673057433,2018,"b",0.08725,0.121777777777778,0.082,0.12,0.085,0.121,0.08575,0.121,0.091,0.123,0.082,0.121,0.084,0.121,5.88828472222222,5.30095138888889,8.35176388888889,1,2451.88888888889,7.3929,5.617,2456,11.358
"2018-09-15",19,258,0.414756173237002,0.348474694192078,0.23676913257092,335.934622161105,0.348474694192078,0.348474694192078,0.35013707306622,2018,"b",0.0642083333333333,0.0734930555555555,0.062,0.072,0.062,0.072,0.062,0.072,0.072,0.077,0.058,0.07,0.062,0.072,14.5820416666667,11.2316666666667,12.5964583333333,1,500,23.89,11.7,500,16.689
"2018-08-11",11,223,0.404753067992913,0.400115011875882,0.194822465614907,312.334276835507,0.400115011875882,0.400115011875882,0.402832568433677,2018,"b",0.0442152777777778,-0.0126597222222222,0.041,-0.014,0.0413,-0.014,0.042,-0.013,0.051,-0.012,0.036,-0.014,0.04,-0.013,13.9061805555556,12.0425694444444,12.0071388888889,1,3738.13888888889,19.71,13.029,3758.9,15.53
"2018-10-13",8,286,0.272134231261999,0.33844833620304,0.389922784007662,545.123438166967,0.33844833620304,0.33844833620304,0.338739349435304,2018,"b",0.290201388888889,0.181145833333333,0.288,0.18,0.288,0.18,0.289,0.181,0.299,0.182,0.286,0.179,0.287,0.18,0.909493055555556,2.17413888888889,-2.15988194444444,-4.613,2292.07638888889,1.221,2.371,2334.9,-1.571
"2018-10-06",11,279,0.364448719515339,0.333277120684935,0.302634621728523,355.752582792187,0.333277120684935,0.333277120684935,0.351227070775069,2018,"b",0.230583333333333,-0.0273055555555556,0.22,-0.029,0.221,-0.028,0.222,-0.028,0.256,-0.025,0.216,-0.029,0.221,-0.028,4.90917361111111,6.50324305555556,-1.76461805555556,-3.97,3697.86805555556,7.197,7.488,3729.9,1.8192
"2018-07-22",11,203,0.354206555575504,0.416257074123562,0.228858069901639,291.218124262162,0.416257074123562,0.416257074123562,0.425632726127556,2018,"b",0.0352222222222222,-0.0135208333333333,0.028,-0.015,0.028,-0.015,0.029,-0.015,0.201,-0.002,0.029,-0.015,0.031,-0.014,14.8111805555556,13.0278472222222,12.7233333333333,1,3726.99305555556,18.12,13.27,3784,15.596
"2018-09-22",19,265,0.403816842689921,0.353446349936107,0.242736807373972,344.556729550289,0.353446349936107,0.353446349936107,0.354204663364757,2018,"b",0.0598333333333333,0.0631319444444444,0.056,0.062,0.056,0.062,0.057,0.063,0.065,0.064,0.055,0.062,0.056,0.062,11.3756736111111,10.048125,8.56860416666667,1,500,20.46,10.69,500,12.69
"2017-10-27",12,300,0.314296441378704,0.314049115059387,0.372059795329495,426.871952409239,0.314049115059387,0.314049115059387,0.329524151546221,2017,"b",0.294645833333333,0.232333333333333,0.294,0.232,0.294,0.232,0.294,0.232,0.295,0.233,0.292,0.232,0.293,0.232,0.39075,2.01225,-8.18974305555555,-11.82,3516.24305555556,1.3034,2.3048,3537,-3.521
"2018-11-18",13,322,0.284429591282269,0.340584099723438,0.374935672616325,560.526894368697,0.340584099723438,0.340584099723438,0.342893271582036,2018,"b",0.0964375,0.442506944444444,0.095,0.441,0.095,0.442,0.095,0.442,0.099,0.444,0.081,0.441,0.08775,0.442,-0.6651875,0.435805555555556,-8.64713888888889,-12.24,2956.10416666667,-0.6511,0.514,3001,-4.9917
"2018-10-08",16,281,0.289665707784338,0.323814355460558,0.386519936755104,381.308792829634,0.323814355460558,0.323814355460558,0.344301961258985,2018,"b",0.0898472222222222,0.181097222222222,0.088,0.174,0.088,0.175,0.089,0.176,0.0939,0.2058,0.089,0.169,0.089,0.175,6.015625,4.801,-3.91067361111111,-6.451,3280.97916666667,6.14,6.8264,3301,0.240100000000003
"2017-10-30",15,303,0.371271082965091,0.366651388183871,0.261591072146205,335.263928039546,0.366651388183871,0.366651388183871,0.367461018837968,2017,"a",0.728368055555556,0.222013888888889,0.728,0.221,0.728,0.221,0.728,0.222,0.729,0.223,0.728,0.22,0.728,0.221,0.395333333333333,11.0971527777778,-1.49501388888889,-6.508,3413.48611111111,0.5482,11.25,3432,1.164
"2018-08-16",9,228,0.419732112982656,0.372426497230068,0.205991428710989,324.173932141288,0.372426497230068,0.372426497230068,0.375356203367005,2018,"b",0.105395833333333,0.0938055555555556,0.104,0.09,0.104,0.092,0.105,0.093,0.108,0.095,0.104,0.092,0.104,0.093,12.4885833333333,10.385,11.591625,1,2557.60416666667,18.625,10.82,2570,14.835
"2018-08-16",6,228,0.439332824186533,0.352220721652548,0.208320782565203,312.213512632089,0.352220721652548,0.352220721652548,0.35516067207687,2018,"b",0.194826388888889,0.154576388888889,0.193,0.148,0.193,0.148,0.194,0.149,0.197,0.17,0.193,0.148,0.194,0.149,6.76530555555556,9.56461805555556,11.6579930555556,1,3069.34722222222,6.9341,11.251,3087,14.73
"2018-07-27",6,208,0.377547550897581,0.417069352060688,0.203694772694229,304.839309200869,0.417069352060688,0.417069352060688,0.419925129574757,2018,"b",0.214816901408451,0.295619718309859,0.213,0.284,0.213,0.284,0.214,0.28825,0.217,0.32,0.211,0.276,0.211,0.285,6.40691549295775,9.62950704225352,9.54821126760563,1,3062.12676056338,6.5422,10.932,3086,12.906
"2018-11-02",20,306,0.290459586025226,0.332468752732695,0.376502398829754,453.766207477769,0.332468752732695,0.332468752732695,0.333052668341643,2018,"b",0.230305555555556,0.1965625,0.229,0.195,0.229,0.196,0.229,0.196,0.235,0.199,0.229,0.194,0.229,0.195,-0.0470347222222222,1.46579166666667,-4.60765972222222,-6.393,3316.88888888889,0.2709,1.729,3329,-3.4604
"2018-09-08",8,251,0.39472743632629,0.36846354034771,0.235734229279657,328.310662788763,0.36846354034771,0.36846354034771,0.369420205378207,2018,"b",0.107743055555556,0.135208333333333,0.103,0.135,0.103,0.135,0.104,0.135,0.19,0.137,0.104,0.135,0.105,0.135,6.93976388888889,6.21041666666667,7.57636805555556,1,2469.73611111111,9.259,6.5999,2492,11.248
"2018-09-09",15,252,0.410364142246203,0.385722820286363,0.203686052261203,336.951935457894,0.385722820286363,0.385722820286363,0.387684080570386,2018,"a",0.728791666666667,0.192152777777778,0.728,0.187,0.728,0.189,0.728,0.19075,0.729,0.197,0.728,0.19,0.728,0.192,11.8482291666667,22.6722222222222,8.38198611111111,1,3425.82638888889,16.4,23.089,3435,13.986
"2018-09-18",15,261,0.40717234463168,0.377606860561559,0.215087089014404,332.889218104399,0.377606860561559,0.377606860561559,0.378653960486967,2018,"a",0.728493055555556,0.169020833333333,0.728,0.163,0.728,0.164,0.728,0.167,0.729,0.173,0.728,0.165,0.728,0.166,15.1579861111111,25.7325694444444,12.4680555555556,1,3417.47916666667,20.334,26.46,3434,15.439
"2018-06-26",15,177,0.349636260181139,0.426241902758182,0.223914553653073,304.29671807244,0.426241902758182,0.426241902758182,0.436811799545686,2018,"a",0.729145833333333,0.229493055555556,0.729,0.225,0.729,0.226,0.729,0.228,0.729,0.231,0.728,0.226,0.729,0.227,12.7160416666667,18.4916666666667,13.2520138888889,1,3422.24305555556,19.008,20.108,3437.9,18.03
"2018-09-25",20,268,0.396544766865556,0.349373063909775,0.25463405098214,515.35589108638,0.349373063909775,0.349373063909775,0.354363460965928,2018,"b",0.0513194444444444,0.0909097222222222,0.049,0.09,0.049,0.09,0.05,0.091,0.056,0.092,0.048,0.0891,0.05,0.09,6.701625,7.70914583333333,1.89904861111111,-2.625,3537.88888888889,12.289,8.607,4047,7.526
"2018-10-08",13,281,0.304888574490028,0.345439655925694,0.349671769584278,366.84867517258,0.345439655925694,0.345439655925694,0.373117956514903,2018,"b",0.158888888888889,0.421847222222222,0.155,0.416,0.155,0.417,0.155,0.419,0.1679,0.425,0.141,0.417,0.154,0.42,3.75780555555556,4.25416666666667,-3.3314375,-5.748,3248.61805555556,4.952,4.413,3287,0.614400000000002
"2018-08-19",6,231,0.443111844873563,0.337956844539508,0.21811063845176,330.418430140235,0.337956844539508,0.337956844539508,0.34125946108798,2018,"b",0.184145833333333,0.242645833333333,0.18,0.18,0.182,0.181,0.183,0.244,0.193,0.2639,0.183,0.147,0.184,0.1765,6.35290972222222,7.91020138888889,4.89697222222222,1,3066.54861111111,6.7679,9.688,3076,10.738
"2018-06-14",20,165,0.351720267563232,0.384810189272167,0.261625868912586,389.273729884641,0.384810189272167,0.384810189272167,0.389151854827112,2018,"b",0.295972222222222,0.247111111111111,0.288,0.244,0.291,0.245,0.29475,0.245,0.309,0.254,0.287,0.241,0.288,0.243,10.1957361111111,6.18374305555556,12.4652777777778,1,3411.02083333333,13.73,6.375,3429,15.705
"2018-09-02",15,245,0.400306116684202,0.393095431847684,0.207345739334961,323.319981631253,0.393095431847684,0.393095431847684,0.395406024508955,2018,"a",0.728486111111111,0.181465277777778,0.728,0.176,0.728,0.177,0.728,0.178,0.729,0.184,0.728,0.178,0.728,0.179,11.2400555555556,23.3817361111111,8.93420138888889,1,3420.6875,15.249,24.559,3434,11.118
"2018-10-04",13,277,0.430731007970256,0.37965960768792,0.186487181882054,340.577530594956,0.37965960768792,0.37965960768792,0.383233510948768,2018,"b",0.087,0.418965277777778,0.079,0.37,0.08,0.417,0.081,0.418,0.122,0.427,0.075,0.415,0.082,0.418,5.13195833333333,4.92682638888889,3.69703472222222,0.253,3180.54861111111,6.487,4.947,3314,7.2837
"2018-11-05",17,309,0.275327684160983,0.341969161272355,0.382029435957103,579.536660824506,0.341969161272355,0.341969161272355,0.34288301279926,2018,"b",0.3936875,0.2730625,0.388,0.272,0.391,0.273,0.392,0.273,0.396,0.274,0.39,0.272,0.392,0.272,-0.2576875,0.935972222222222,-8.33844444444444,-9.69,3393.77777777778,-0.243,1.1565,3421,-6.7955
"2018-08-02",8,214,0.380782716292776,0.396604304048359,0.222921322593368,309.134810915932,0.396604304048359,0.396604304048359,0.400173230917511,2018,"b",0.104986111111111,0.133583333333333,0.091,0.124,0.0973,0.1253,0.105,0.13,0.123,0.145,0.091,0.126,0.095,0.128,9.91857638888889,7.8209375,10.6991111111111,1,2470.72222222222,12.02,8.24,2483.9,13.375
"2018-07-04",16,185,0.353982200140996,0.40030989039336,0.2447680266709,330.840883218342,0.40030989039336,0.40030989039336,0.404713339858267,2018,"b",0.281875,0.0490347222222222,0.278,0.043,0.278,0.044,0.281,0.044,0.288,0.057,0.2751,0.04,0.277,0.044,7.51393055555556,10.7370069444444,11.9636111111111,1,3280.90972222222,7.9036,13.857,3309,15.039
"2018-07-17",6,198,0.37378785310356,0.426797020771452,0.198070492622553,294.292482287272,0.426797020771452,0.426797020771452,0.4285971490548,2018,"b",0.215062937062937,0.267573426573427,0.213,0.261,0.213,0.262,0.214,0.2635,0.217,0.272,0.214,0.259,0.214,0.263,4.55690909090909,8.18197202797203,12.1248951048951,1,3050.25174825175,5.0519,10.223,3073.3,15.27
"2018-10-26",13,299,0.33122118310041,0.354016641962984,0.316180252082956,362.686607766368,0.354016641962984,0.354107976613632,0.378965681799349,2018,"b",0.2246875,0.435833333333333,0.222,0.43,0.222,0.431,0.222,0.434,0.227,0.438,0.222,0.429,0.222,0.43175,0.0186041666666667,1.57249305555556,-2.00371527777778,-4.446,3182.02777777778,0.501,1.652,3210.9,1.7314
"2018-09-05",8,248,0.39719625149794,0.366316405786019,0.236487342716041,328.635872518245,0.366316405786019,0.366316405786019,0.369449600946689,2018,"b",0.111194444444444,0.137145833333333,0.103,0.136,0.1063,0.137,0.11,0.137,0.123,0.139,0.107,0.1361,0.109,0.137,7.59391666666667,6.77904861111111,4.06440972222222,0.544,2452.625,9.01,6.95,2483,9.105
"2018-08-29",13,241,0.42403890049658,0.406725744697996,0.168433669726894,312.788543699711,0.406725744697996,0.406725744697996,0.408802523166748,2018,"b",0.196270833333333,0.467513888888889,0.19,0.464,0.193,0.465,0.196,0.466,0.203,0.469,0.186,0.464,0.188,0.465,7.35917361111111,6.49347916666667,10.0334722222222,1,3253.08333333333,10.07,6.778,3273,14.143
"2018-10-28",13,301,0.41064605818467,0.379501579805736,0.209208298328801,344.754635035661,0.379501579805736,0.379501579805736,0.382427671020652,2018,"b",0.221777777777778,0.430930555555556,0.219,0.423,0.22,0.424,0.221,0.42675,0.225,0.442,0.2181,0.424,0.22,0.43175,-0.112798611111111,1.0793125,3.03247916666667,0.722,3221.44444444444,-0.088,1.363,3264.9,5.8332
"2018-07-21",20,202,0.369344819588589,0.40100928276457,0.228278690637422,360.584348149652,0.40100928276457,0.40100928276457,0.403767797368782,2018,"b",0.079875,0.183444444444444,0.076,0.181,0.077,0.182,0.077,0.182,0.0949,0.188,0.07,0.181,0.075,0.182,13.2879166666667,9.88847222222222,14.1634722222222,1,3426.21527777778,16.709,10.27,3429,17.757
"2017-10-29",18,302,0.295797166760764,0.329048151894372,0.374324465228053,363.023764732186,0.329048151894372,0.329048151894372,0.336183609598931,2017,"b",0.128118055555556,0.0966041666666667,0.112,0.093,0.118,0.094,0.12075,0.095,0.149,0.099,0.118,0.094,0.123,0.095,0.000812499999999999,0.942097222222222,0.0362222222222222,-3.054,3451.43055555556,0.2346,1.2527,3556,1.3101
"2018-08-11",6,223,0.419577608935115,0.368844493508129,0.211105446520175,301.929622088859,0.368844493508129,0.368844493508129,0.370170374266094,2018,"b",0.204631944444444,0.2175,0.2,0.202,0.2,0.203,0.201,0.20975,0.207,0.23,0.2,0.1969,0.201,0.205,6.4681875,8.93700694444444,11.8343819444444,1,3069.27083333333,6.7313,11.371,3088,15.491
"2018-09-03",8,246,0.388346125746114,0.364677524711504,0.248299445957358,320.225028047393,0.364677524711504,0.364677524711504,0.368663047940197,2018,"b",0.125590277777778,0.140034722222222,0.121,0.139,0.123,0.14,0.123,0.14,0.143,0.144,0.121,0.139,0.123,0.139,7.40134722222222,7.00145138888889,6.32482638888889,1,2447.95138888889,9.48,7.212,2479,9.809
"2018-10-02",13,275,0.424353723381543,0.378589962646398,0.196541161020378,353.684083467848,0.378589962646398,0.378589962646398,0.382072203264254,2018,"b",0.0728888888888889,0.428381944444444,0.069,0.426,0.07,0.427,0.072,0.428,0.084,0.433,0.066,0.416,0.069,0.427,5.48791666666667,4.92515277777778,6.06715277777778,1,3267.29861111111,7.0385,4.933,3311.9,8.127
"2018-10-06",13,279,0.325769818925829,0.350597769179808,0.32378182751235,350.621781662488,0.350597769179808,0.350597769179808,0.381727969003169,2018,"b",0.1274375,0.421673611111111,0.122,0.417,0.122,0.417,0.122,0.418,0.152,0.427,0.108,0.417,0.122,0.418,3.32466666666667,4.40586111111111,-1.05930555555556,-3.251,3275.59722222222,4.895,4.947,3314,2.8276
"2017-10-28",18,301,0.288655716075559,0.330568360226081,0.380960063703988,308.900437573861,0.330568360226081,0.330568360226081,0.335086895776964,2017,"b",0.1380625,0.097625,0.119,0.094,0.126,0.094,0.13,0.096,0.166,0.101,0.1201,0.094,0.129,0.097,0.174381944444444,1.18451388888889,-4.83493055555556,-6.946,3448.1875,0.5837,1.7156,3512,0.8719
"2018-08-21",19,233,0.399558084913791,0.373548851969552,0.226525928990365,330.984592564737,0.373548851969552,0.373548851969552,0.385787208993645,2018,"b",0.0887013888888889,0.1039375,0.08,0.074,0.08,0.076,0.081,0.076,0.148,0.131,0.079,0.076,0.081,0.076,11.2205347222222,10.6340972222222,7.2674375,1,500,17.338,10.938,500,11.374
"2018-11-17",13,321,0.268009051907739,0.340040079855974,0.392065544106735,380.176991391054,0.340040079855974,0.340040079855974,0.34160093829404,2018,"b",0.0959236111111111,0.443236111111111,0.092,0.441,0.092,0.443,0.093,0.443,0.104,0.444,0.093,0.442,0.095,0.442,-0.671409722222222,0.507159722222222,-5.92075694444444,-9.54,2985.61111111111,-0.6511,0.514,2999,-3.002
"2018-08-06",9,218,0.392224511764911,0.387022891700601,0.220080612666286,342.306159323447,0.387022891700601,0.387022891700601,0.390136384843834,2018,"b",0.254958333333333,0.104270833333333,0.219,0.101,0.2223,0.102,0.24075,0.104,0.2879,0.107,0.2011,0.103,0.216,0.104,11.1723125,9.13541666666667,9.88411805555556,1,2536.02777777778,17.569,9.83,2574,13.816
"2018-10-25",20,298,0.328104676196506,0.337491435228551,0.334649335021081,252.113158951821,0.337491435228551,0.337491435228551,0.339856610985096,2018,"b",0.253451388888889,0.195555555555556,0.248,0.194,0.249,0.194,0.25,0.195,0.258,0.196,0.249,0.19,0.251,0.191,2.39154166666667,2.64727777777778,-1.74831944444444,-3.761,500,4.76380000000001,2.848,500,1.2496
"2017-11-04",7,308,0.292401345225931,0.348510863500539,0.359182049154998,334.019807189364,0.348510863500539,0.348510863500539,0.359291918919098,2017,"b",0.47556338028169,0.199450704225352,0.475,0.198,0.475,0.198,0.475,0.198,0.476,0.2,0.474,0.193,0.475,0.195,0.920415492957746,0.0326549295774648,-1.37735915492958,-3.275,2534.35915492958,0.969,0.051,2551,1.1819
"2018-06-30",20,181,0.34709206953187,0.410223039194625,0.242622902538302,341.609921027846,0.410223039194625,0.410223039194625,0.41476936912115,2018,"b",0.241798611111111,0.225791666666667,0.237,0.224,0.238,0.224,0.241,0.225,0.25,0.228,0.238,0.223,0.239,0.224,9.97367361111111,7.77135416666667,8.21586111111111,1,3407.67361111111,14.123,8.2,3418.9,15.036
"2017-11-09",20,313,0.301089837058454,0.332807540749723,0.366200620369552,647.385838969922,0.332807540749723,0.332807540749723,0.333981047422195,2017,"b",0.253048611111111,0.216,0.252,0.216,0.253,0.216,0.253,0.216,0.254,0.216,0.251,0.216,0.252,0.216,-0.0619236111111111,0.530625,-0.595368055555555,-2.916,3175.95833333333,-0.0301,0.5629,3223,2.1786
"2018-08-10",13,222,0.369381683267514,0.441738784723702,0.188173588670242,311.328475436098,0.441738784723702,0.441738784723702,0.449865604919911,2018,"b",0.265236111111111,0.468034722222222,0.258,0.464,0.26,0.465,0.264,0.46575,0.276,0.471,0.2571,0.464,0.26,0.466,8.75315277777778,7.01952083333333,11.3587430555556,1,3291.75694444444,12.03,7.358,3308,15.453
"2018-07-23",15,204,0.360601048358962,0.43834186565503,0.197059527722474,289.602929999727,0.43834186565503,0.43834186565503,0.443944616130577,2018,"a",0.728881944444444,0.195555555555556,0.728,0.187,0.728,0.19,0.729,0.193,0.729,0.203,0.728,0.186,0.728,0.19,13.9648611111111,24.451875,8.90888194444444,1,3433.01388888889,18.347,25.958,3444,15.349
"2018-09-20",8,263,0.387618552448498,0.366810412864883,0.245302567868776,295.373617230627,0.366810412864883,0.366810412864883,0.372291262731869,2018,"b",0.101604166666667,0.126631944444444,0.093,0.125,0.096,0.126,0.1,0.126,0.107,0.127,0.068,0.124,0.074,0.124,7.50478472222222,7.44364583333333,5.62442361111111,1,2442.28472222222,9.665,7.973,2468,11.114
"2018-09-13",11,256,0.452423282044123,0.355945291798225,0.191472960778085,329.338061168364,0.355945291798225,0.355945291798225,0.357948565755423,2018,"b",0.0503194444444444,-0.0171875,0.045,-0.018,0.046,-0.018,0.047,-0.018,0.072,-0.016,0.038,-0.018,0.043,-0.018,13.5305555555556,11.15,12.1427152777778,1,3732.17361111111,18.4,11.79,3785,15.67
"2018-10-25",11,298,0.440632732167344,0.349091477460795,0.210743718363224,353.80954918924,0.349091477460795,0.349091477460795,0.349445487806267,2018,"b",0.248416666666667,0.0304791666666667,0.246,0.028,0.246,0.028,0.247,0.029,0.258,0.036,0.245,0.027,0.246,0.029,2.47792361111111,3.11897222222222,-2.19672222222222,-4.186,3723.58333333333,4.5548,3.4728,3754,1.095
"2018-07-25",11,206,0.372544339703901,0.42615785947463,0.203198653698967,304.059145543801,0.42615785947463,0.42615785947463,0.426721238792086,2018,"b",0.211104166666667,-0.00106944444444444,0.173,-0.002,0.175,-0.002,0.1945,-0.002,0.29,0.001,0.199,-0.002,0.213,-0.001,14.0517361111111,12.4255555555556,12.0506944444444,1,3748.43055555556,17.577,12.79,3793,14.387
"2018-11-12",13,316,0.276430786101112,0.33756838941021,0.386000824488678,586.870426497693,0.33756838941021,0.33756838941021,0.340800571572533,2018,"b",0.118076388888889,0.443395833333333,0.116,0.441,0.116,0.442,0.11675,0.443,0.12,0.444,0.111,0.442,0.114,0.442,-0.641277777777778,0.537854166666667,-17.84625,-20.84,2903.6875,-0.618,0.562,2989.9,-6.3072
"2018-07-14",9,195,0.371191429165954,0.391726292771117,0.237406432049863,332.066807758251,0.391726292771117,0.391726292771117,0.396602323286507,2018,"b",0.167993055555556,0.0940694444444444,0.141,0.092,0.1463,0.093,0.159,0.093,0.231,0.096,0.134,0.093,0.137,0.094,12.4964236111111,9.25305555555556,12.1225555555556,1,2552.97916666667,19.17,9.81,2620,14.869
"2018-10-24",15,297,0.35823412100898,0.36222824058442,0.279537638406601,376.833861609385,0.36222824058442,0.36222824058442,0.362713876095284,2018,"a",0.728444444444444,0.226638888888889,0.728,0.224,0.728,0.225,0.728,0.226,0.729,0.23,0.728,0.223,0.728,0.225,3.89188888888889,13.8865972222222,0.871479166666667,-1.511,3404.0625,5.8672,14.249,3422,3.7938
"2018-08-18",11,230,0.409271894200767,0.381681704692169,0.208862937588839,305.944172304037,0.381681704692169,0.381681704692169,0.387387113809783,2018,"b",0.0224097222222222,-0.0174652777777778,0.02,-0.018,0.02,-0.018,0.02,-0.018,0.175,-0.014,0.02,-0.018,0.021,-0.017,12.5841666666667,12.5588194444444,9.16506944444444,1,3705.8125,15.69,13.75,3786,12.608
"2018-10-13",11,286,0.422764345679308,0.343048023555252,0.234382500082861,375.957176602013,0.343048023555252,0.343048023555252,0.343915028276385,2018,"b",0.253715277777778,-0.0247986111111111,0.245,-0.027,0.246,-0.026,0.248,-0.026,0.275,-0.023,0.242,-0.026,0.245,-0.025,2.04603472222222,3.14439583333333,-0.511083333333333,-2.996,3712.94444444444,3.5367,3.489,3781.9,0.2942
"2018-11-17",17,321,0.257280108267022,0.338612833588279,0.403912868193322,368.962559374127,0.338612833588279,0.338612833588279,0.344534485857872,2018,"b",0.383861111111111,0.268444444444444,0.381,0.264,0.382,0.266,0.382,0.268,0.386,0.269,0.38,0.262,0.382,0.266,-3.80070138888889,-0.557916666666667,-6.26649305555556,-9.91,3373.5,-3.034,-0.554,3441,-3.1692
"2018-07-27",9,208,0.380054221410532,0.391726536692152,0.225178758052678,310.955855013565,0.391726536692152,0.391726536692152,0.395680701590652,2018,"b",0.284097222222222,0.163861111111111,0.257,0.16,0.258,0.162,0.269,0.163,0.335,0.165,0.2361,0.157,0.253,0.159,11.8172222222222,10.1886805555556,9.49161805555556,1,2548.63194444444,16.288,10.51,2559,12.989
"2018-09-22",8,265,0.392952585038427,0.371154258959746,0.235557113260873,324.207587234751,0.371154258959746,0.371154258959746,0.372157284587412,2018,"b",0.100409722222222,0.123972222222222,0.093,0.123,0.094,0.123,0.097,0.123,0.107,0.125,0.093,0.123,0.096,0.123,6.489,6.45057638888889,7.48841666666667,1,2445.29166666667,9.099,7.2019,2460,11.023
"2018-11-15",15,319,0.278485198282645,0.342097278598969,0.379275937850069,567.185021422991,0.342097278598969,0.342097278598969,0.342498115964521,2018,"a",0.728405594405594,0.216251748251748,0.728,0.216,0.728,0.216,0.728,0.216,0.729,0.217,0.728,0.216,0.728,0.216,0.140076923076923,12.0611888111888,-2.38988111888112,-4.763,500,0.17,12.09,3219,-0.55
"2018-08-31",8,243,0.396309920500422,0.366679645197363,0.236771906095188,337.88773420062,0.366679645197363,0.366679645197363,0.366990860037471,2018,"b",0.175090277777778,0.149319444444444,0.157,0.147,0.161,0.148,0.174,0.149,0.211,0.155,0.156,0.145,0.157,0.147,8.656375,7.46770138888889,9.81252777777778,1,2439.53472222222,10.51,7.5005,2456.9,12.589
"2018-11-05",20,309,0.289876410069796,0.329172144068336,0.381484800794896,540.038519096115,0.329172144068336,0.329172144068336,0.331702435248015,2018,"b",0.227354166666667,0.192534722222222,0.225,0.192,0.226,0.192,0.227,0.192,0.229,0.1935,0.224,0.192,0.225,0.192,-0.0387777777777778,1.14129861111111,-8.35101388888889,-9.62,3332.41666666667,-0.032,1.148,3343,-6.8715
"2018-10-05",19,278,0.402704820648993,0.351801276536073,0.245493902814934,360.407774865173,0.351801276536073,0.351801276536073,0.354172565545405,2018,"b",0.199152777777778,0.172083333333333,0.16,0.162,0.175,0.164,0.18975,0.166,0.227,0.1829,0.057,0.06,0.062,0.06,4.85477777777778,7.50315972222222,1.57915277777778,-1.154,500,9.596,8.65,500,3.9217
"2018-09-18",11,261,0.449983042340608,0.354927977648311,0.195327194735238,353.210808287107,0.354927977648311,0.354927977648311,0.356105240926526,2018,"b",0.0262777777777778,-0.0179097222222222,0.021,-0.019,0.0213,-0.019,0.02275,-0.018,0.034,-0.017,0.021,-0.019,0.023,-0.019,14.6374305555556,12.8014583333333,12.1145138888889,1,3724.25694444444,18.566,13.27,3760.9,14.785
"2018-09-05",15,248,0.402567656560496,0.389775536768853,0.207534391800829,312.247486337505,0.389775536768853,0.389775536768853,0.392264600367633,2018,"a",0.728375,0.182770833333333,0.728,0.178,0.728,0.18,0.728,0.18,0.729,0.189,0.728,0.18,0.728,0.18175,11.4490486111111,23.2160416666667,5.59010416666667,1,3415.27083333333,14.44,23.54,3438.9,10.54
"2018-09-12",19,255,0.422140626064489,0.345524894687931,0.232112497397973,336.244289980877,0.345524894687931,0.345524894687931,0.34796446070845,2018,"b",0.0893888888888889,0.0797708333333333,0.086,0.079,0.087,0.079,0.088,0.079,0.094,0.081,0.079,0.078,0.082,0.079,12.9083055555556,9.76125,12.2577083333333,1,500,21.896,10.68,500,17.062
"2018-09-08",6,251,0.455286183763518,0.316949784794211,0.226739998146634,333.316902757081,0.316949784794211,0.316949784794211,0.317874432154398,2018,"b",0.189591549295775,0.195485915492958,0.184,0.191,0.185,0.191,0.185,0.192,0.196,0.238,0.181,0.192,0.182,0.195,5.36703521126761,7.37203521126761,8.42762676056338,1,3064.14084507042,5.6671,9.441,3081,11.671
"2018-08-18",8,230,0.394339248881469,0.36854416780606,0.236984892702434,316.715816288598,0.36854416780606,0.36854416780606,0.373361570993625,2018,"b",0.0643194444444444,0.0912708333333333,0.053,0.09,0.0533,0.09,0.054,0.09,0.138,0.095,0.054,0.09,0.055,0.091,9.01951388888889,8.0978125,8.21153472222222,1,2492.375,10.619,8.5,2511,11.64
"2018-09-21",19,264,0.407014345684693,0.353129639020692,0.239844835734168,340.000827227606,0.353129639020692,0.353129639020692,0.354204663364757,2018,"b",0.0585208333333333,0.0635416666666667,0.055,0.062,0.055,0.063,0.055,0.063,0.065,0.064,0.055,0.063,0.056,0.063,9.8900625,10.2086805555556,6.81691666666667,1,500,19.518,11.69,500,12.415
"2018-11-10",17,314,0.279883920996774,0.343538908693731,0.376246589922155,587.973067642053,0.343538908693731,0.343538908693731,0.343960367524623,2018,"b",0.392361111111111,0.268701388888889,0.386,0.266,0.388,0.266,0.392,0.267,0.395,0.272,0.388,0.266,0.39,0.267,-3.4628125,0.120375,-8.10240277777778,-9.86,3427.38888888889,-2.067,0.372,3453,-6.8269
"2018-10-05",13,278,0.431070226099769,0.380920900348267,0.189474003057794,335.89609878536,0.380920900348267,0.380920900348267,0.382659640477531,2018,"b",0.114166666666667,0.421729166666667,0.106,0.392,0.107,0.416,0.108,0.41875,0.134,0.427,0.082,0.417,0.0885,0.418,3.28293055555556,4.77976388888889,1.84886805555556,-0.561,3279.32638888889,5.4679,4.947,3316,4.0456
"2018-09-30",20,273,0.398148216278283,0.35053782398342,0.251313959738297,489.312858864394,0.35053782398342,0.35053782398342,0.354808232842334,2018,"b",0.0494791666666667,0.088,0.047,0.088,0.047,0.088,0.047,0.088,0.053,0.089,0.046,0.087,0.047,0.088,9.06609027777778,7.21111805555556,9.54327777777778,1,3413.53472222222,13.123,7.696,3424,12.396
"2018-07-22",8,203,0.358173521141543,0.409153126980452,0.232633276328898,298.402345602598,0.409153126980452,0.409153126980452,0.414618634594639,2018,"b",0.0799722222222222,0.116715277777778,0.034,0.09,0.035,0.09,0.036,0.091,0.301,0.2299,0.03,0.091,0.036,0.093,10.5413888888889,8.09645138888889,11.7277083333333,1,2493.04166666667,12.967,8.23,2525.8,14.586
"2018-07-16",6,197,0.372552811345913,0.425655925975482,0.201906342080936,291.452029745774,0.425655925975482,0.425655925975482,0.431265381820272,2018,"b",0.215352112676056,0.268140845070423,0.214,0.263,0.214,0.264,0.215,0.265,0.217,0.272,0.214,0.263,0.215,0.265,4.42695774647887,7.14632394366197,11.1177957746479,1,3058.93661971831,4.7484,9.392,3069,14.202
"2018-07-01",15,182,0.347237259096363,0.428508621222651,0.224254119680986,297.53419235304,0.428508621222651,0.428508621222651,0.440567779261563,2018,"a",0.728263888888889,0.222763888888889,0.728,0.217,0.728,0.218,0.728,0.219,0.729,0.226,0.728,0.217,0.728,0.221,12.2047083333333,20.210625,8.55645138888889,1,3421.47222222222,19.088,21.79,3434,15.45
"2018-08-07",15,219,0.376847162042909,0.43030845977242,0.192593277735687,296.543824115144,0.43030845977242,0.43030845977242,0.432752100593478,2018,"a",0.729354166666667,0.204972222222222,0.729,0.2,0.729,0.201,0.729,0.20275,0.73,0.208,0.729,0.201,0.729,0.202,14.8811805555556,23.0470138888889,10.1106111111111,1,500,19.614,24.108,500,14.108
