"phenocam","DATE","soil_sensor","sm5cm_daily_mean","sm30cm_daily_mean","sm5cm_daily_min","sm30cm_daily_min","sm5cm_daily_10th","sm30cm_daily_10th","sm5cm_daily_25th","sm30cm_daily_25th","sm5cm_3day90th","sm30cm_3day90th","sm5cm_3day10th","sm30cm_3day10th","sm5cm_3day25th","sm30cm_3day25th","stemp5_daily_mean","stemp30_daily_mean","airtemp_daily_mean","airtemp_daily_min","snowdepth_daily_mean","stemp5_3day90th","stemp30_3day90th","snowdepth_3day90th","air_3day90th"
13,"2018-09-01","b",0.169076388888889,0.463298611111111,0.167,0.46,0.168,0.462,0.169,0.462,0.1779,0.465,0.166,0.458,0.166,0.46,6.97988888888889,6.50259722222222,8.68878472222222,1,3289.90972222222,9.306,6.526,3316,12.355
20,"2017-11-30","b",0.063375,0.174111111111111,0.057,0.17,0.057,0.172,0.058,0.173,0.075,0.18,0.058,0.165,0.059,0.169,-1.30728472222222,-0.0521875,-3.22069444444444,-4.658,3392.20833333333,-0.6452,-0.044,3409.9,-1.3232
15,"2017-12-27","a",0.727368794326241,0.126,0.727,0.126,0.727,0.126,0.727,0.126,0.728,0.126,0.727,0.126,0.727,0.126,-1.86663120567376,19.0128368794326,-8.73176595744681,-10.18,2767.35460992908,-1.6397,19.03,2872.6,-6.4309
15,"2018-04-22","a",0.7279375,0.126729166666667,0.727,0.125,0.728,0.125,0.728,0.127,0.728,0.127,0.728,0.125,0.728,0.126,-0.607284722222222,19.2002777777778,-0.192902777777778,-3.72,2458.3125,-0.2641,19.25,2596.4,4.3998
17,"2018-12-03","b",0.313791666666667,0.243416666666667,0.3,0.242,0.3013,0.243,0.306,0.243,0.335,0.247,0.277,0.242,0.29475,0.242,-6.55295833333333,-2.57516666666667,-15.3636111111111,-17.74,3392.47222222222,-5.677,-1.999,3443.9,-13.583
16,"2018-07-29","b",0.181326388888889,0.157986111111111,0.178,0.136,0.179,0.143,0.181,0.15775,0.184,0.185,0.178,0.127,0.178,0.132,10.24,12.2816666666667,10.4999583333333,1,3258.11805555556,10.799,15.52,3289,13.713
20,"2018-04-22","b",0.0666527777777778,0.0868680555555556,0.062,0.085,0.062,0.085,0.062,0.085,0.139,0.107,0.06,0.085,0.062,0.085,-1.490875,-1.28754166666667,-0.283055555555556,-4.202,3230.40972222222,-0.6921,-1.261,3271,4.2086
11,"2018-10-21","b",0.290069444444444,0.0039375,0.277,-0.005,0.279,-0.0027,0.28275,0,0.3109,0.02,0.271,-0.013,0.276,-0.009,1.58176388888889,1.77950694444444,2.41047916666667,0.335,3696.47916666667,3.411,2.3464,3728,5.3238
13,"2018-08-18","b",0.203972222222222,0.469972222222222,0.202,0.464,0.202,0.466,0.203,0.46775,0.225,0.473,0.202,0.4331,0.203,0.449,8.50370833333333,7.16070833333333,9.63963194444444,1,3266.84722222222,10.539,7.5298,3291.9,13.11
7,"2018-03-19","b",0.135776223776224,0.0944895104895105,0.135,0.093,0.135,0.094,0.136,0.094,0.136,0.095,0.135,0.093,0.135,0.093,-3.92744755244755,-4.93053846153846,-11.8953146853147,-14.28,500,-3.815,-4.759,508.8,-5.648
13,"2018-09-20","b",0.101986111111111,0.440298611111111,0.1,0.438,0.1,0.438,0.1,0.439,0.107,0.444,0.088,0.439,0.09,0.44,7.24208333333333,6.50717361111111,7.12331944444444,1,3293.88888888889,10.039,6.8749,3312.9,12.444
8,"2018-10-10","b",0.301291666666667,0.188555555555556,0.298,0.186,0.299,0.187,0.3,0.187,0.306,0.192,0.297,0.185,0.3,0.187,1.78075694444444,3.04243055555556,-8.47386805555556,-11.61,2370.13194444444,2.363,3.6589,2420.9,-4.5209
16,"2018-07-03","b",0.287055555555556,0.0507708333333333,0.284,0.045,0.2843,0.045,0.286,0.046,0.295,0.0649,0.281,0.045,0.283,0.046,7.53670833333333,11.0617083333333,12.2539722222222,1,3263.06944444444,7.7209,14.249,3302,15.74
6,"2018-11-14","b",0.201006944444444,0.250159722222222,0.201,0.247,0.201,0.248,0.201,0.249,0.202,0.255,0.2,0.243,0.2,0.245,-0.180618055555556,0.569395833333333,-3.55072916666667,-7.351,2444.21428571429,-0.1171,0.645,2483,-1.9894
18,"2018-03-09","b",0.129784722222222,0.0445763888888889,0.125,0.044,0.127,0.044,0.127,0.044,0.133,0.045,0.126,0.043,0.127,0.044,-2.98547916666667,-2.12147222222222,-5.33235416666667,-8.01,2974.86111111111,-2.7291,-2.0241,2994,-3.524
18,"2017-12-14","b",0.153416666666667,0.0793819444444444,0.148,0.079,0.149,0.079,0.15,0.079,0.156,0.08,0.149,0.079,0.15,0.079,-0.529263888888889,0.152520833333333,-10.4055,-13.43,3080.11805555556,-0.414,0.189,3184,-1.9508
19,"2018-09-14","b",0.070625,0.0762291666666667,0.068,0.074,0.068,0.075,0.069,0.075,0.081,0.079,0.062,0.073,0.066,0.074,14.5699375,10.9316666666667,12.2324305555556,1,500,23.447,11.68,500,16.89
20,"2018-03-11","b",0.0426805555555556,0.0733680555555555,0.041,0.073,0.042,0.073,0.042,0.073,0.044,0.075,0.041,0.072,0.042,0.073,-4.00013194444444,-3.16375,-7.34311111111111,-13.65,3132.125,-3.754,-3.112,3356.8,-3.336
18,"2018-09-20","b",0.0552083333333333,0.0782430555555556,0.052,0.074,0.053,0.075,0.053,0.076,0.064,0.081,0.053,0.072,0.056,0.075,7.96445833333333,7.95014583333333,6.29201388888889,1,3622.63194444444,11.449,8.749,3647,11.738
6,"2018-09-10","b",0.184180555555556,0.233347222222222,0.181,0.226,0.181,0.227,0.182,0.229,0.187,0.24,0.181,0.22,0.182,0.227,5.53663194444444,7.22813194444444,10.2218611111111,1,3068.29861111111,5.7299,9.506,3087,13.498
9,"2018-07-29","b",0.205673611111111,0.153763888888889,0.18,0.146,0.184,0.146,0.19475,0.14875,0.252,0.165,0.171,0.142,0.17775,0.146,10.4757361111111,9.55979166666667,10.3879236111111,1,2537.80555555556,15.269,10.32,2548,13.319
11,"2018-07-08","b",0.0452430555555556,-0.006625,0.044,-0.008,0.044,-0.008,0.045,-0.007,0.048,-0.004,0.044,-0.008,0.044,-0.008,12.4179166666667,10.591875,14.3298611111111,1,3781.94444444444,16.16,11.27,3844.9,16.25
6,"2018-10-18","b",0.185958041958042,0.249384615384615,0.185,0.248,0.185,0.248,0.185,0.248,0.187,0.251,0.185,0.248,0.186,0.249,1.30246853146853,1.86077622377622,-0.822517482517482,-4.674,2746.44755244755,1.4262,1.9512,2781,1.5652
20,"2018-01-07","b",0.0460486111111111,0.0776180555555556,0.044,0.077,0.044,0.077,0.045,0.077,0.048,0.078,0.043,0.076,0.044,0.076,-2.67271527777778,-1.928125,-7.24854166666667,-10.04,3327.52777777778,-2.498,-1.86,3371,-0.669199999999998
7,"2017-11-30","b",0.390381944444444,0.132305555555556,0.387,0.128,0.388,0.128,0.388,0.129,0.399,0.146,0.382,0.128,0.386,0.129,0.114493055555556,-2.3525,-3.68211111111111,-5.196,2536.28472222222,0.157,-1.655,2553,-1.968
15,"2018-02-03","a",0.727472222222222,0.124291666666667,0.727,0.124,0.727,0.124,0.727,0.124,0.728,0.125,0.727,0.123,0.727,0.123,-2.26499305555556,19.6450694444444,-5.70595833333333,-7.226,3333.59027777778,-2.2231,19.66,3352.9,-4.4473
18,"2018-02-21","b",0.132748251748252,0.048,0.128,0.048,0.129,0.048,0.13,0.048,0.135,0.048,0.129,0.048,0.13,0.048,-1.65947552447552,-1.07960839160839,-17.1603496503497,-20.39,2747.51048951049,-1.5859,-1.019,2820.4,-10.848
13,"2018-09-22","b",0.0980208333333333,0.4404375,0.095,0.437,0.096,0.438,0.096,0.439,0.103,0.443,0.089,0.438,0.09275,0.439,6.18734722222222,5.97179861111111,8.92743055555556,1,3271.50694444444,10.07,6.535,3292.9,12.639
20,"2018-04-07","b",0.051875,0.0790833333333333,0.051,0.079,0.051,0.079,0.052,0.079,0.052,0.08,0.051,0.079,0.051,0.079,-2.07497222222222,-1.88450694444444,-2.15404861111111,-3.529,2999.36111111111,-1.877,-1.873,3258,-0.663899999999999
18,"2018-01-26","b",0.133819444444444,0.0521944444444444,0.129,0.052,0.129,0.052,0.13,0.052,0.137,0.053,0.13,0.052,0.131,0.052,-1.74929166666667,-0.894215277777778,-11.1562708333333,-16.57,2822.02777777778,-1.6539,-0.789,2875,-1.9462
7,"2018-03-27","b",0.139541666666667,0.104548611111111,0.139,0.104,0.139,0.104,0.139,0.104,0.141,0.106,0.139,0.103,0.139,0.104,-2.88598611111111,-3.31081944444444,-8.04844444444444,-12.7,844.305555555556,-2.751,-3.1514,2258,-4.4986
15,"2018-06-18","a",0.727527777777778,0.248104166666667,0.727,0.241,0.727,0.243,0.727,0.243,0.729,0.25,0.727,0.235,0.728,0.237,11.4150763888889,16.8490277777778,8.56520138888889,1,3436.24305555556,15.629,19.139,3447.9,11.869
8,"2018-03-05","b",0.114309352517986,0.0758992805755396,0.112,0.075,0.112,0.075,0.113,0.076,0.115,0.077,0.112,0.075,0.113,0.075,-6.77589208633094,-5.77376258992806,-18.8384172661871,-20.93,2548.54545454545,-6.299,-5.629,2343.2,-3.4362
13,"2018-11-12","b",0.118076388888889,0.443395833333333,0.116,0.441,0.116,0.442,0.11675,0.443,0.12,0.444,0.111,0.442,0.114,0.442,-0.641277777777778,0.537854166666667,-17.84625,-20.84,2903.6875,-0.618,0.562,2989.9,-6.3072
12,"2018-04-07","b",0.0935384615384615,0.130825174825175,0.093,0.13,0.093,0.13,0.093,0.131,0.095,0.132,0.092,0.13,0.093,0.13,-2.8945034965035,-2.66518181818182,-2.78206293706294,-4.072,3068.43356643357,-2.642,-2.474,3314,-1.4662
14,"2018-04-19","b",0.0741418439716312,0.0778936170212766,0.069,0.077,0.07,0.077,0.072,0.077,0.086,0.081,0.07,0.077,0.072,0.078,-3.65117730496454,-3.23963120567376,-3.50330496453901,-9.25,3282.35772357724,-1.5894,-2.4624,3352,-0.0190000000000014
15,"2018-02-13","a",0.727416666666667,0.125444444444444,0.727,0.125,0.727,0.125,0.727,0.125,0.728,0.126,0.727,0.125,0.727,0.125,-1.67727083333333,19.6891666666667,-6.73528472222222,-8.05,3005.4375,-1.5881,19.7,3099,-4.297
18,"2018-05-14","b",0.303986111111111,0.0964027777777778,0.302,0.092,0.302,0.093,0.303,0.094,0.311,0.1,0.298,0.092,0.3,0.093,-0.0119236111111111,0.0174583333333333,1.52220833333333,-1.479,2917.35416666667,-0.011,0.018,2974.9,6.4404
11,"2018-10-20","b",0.292888888888889,-0.0115833333333333,0.27,-0.015,0.271,-0.014,0.27575,-0.014,0.3109,0.00790000000000003,0.277,-0.014,0.28,-0.014,0.709840277777778,1.76226388888889,1.85685416666667,-1.293,3642.08333333333,2.3143,1.795,3725.9,5.2682
20,"2018-10-28","b",0.267361111111111,0.207611111111111,0.255,0.205,0.256,0.205,0.259,0.206,0.277,0.214,0.244,0.196,0.249,0.196,1.770875,2.00667361111111,2.7379375,0.417,500,4.4926,2.278,500,5.5167
20,"2018-08-30","b",0.127881944444444,0.141111111111111,0.12,0.138,0.126,0.139,0.126,0.141,0.141,0.146,0.113,0.135,0.116,0.137,11.5243611111111,9.24756944444444,11.3961111111111,1,500,16.699,9.609,3420,14.31
18,"2018-07-13","b",0.0615486111111111,0.0553958333333333,0.054,0.053,0.056,0.054,0.056,0.055,0.076,0.058,0.044,0.054,0.051,0.055,14.0977083333333,14.508125,11.1724236111111,1,3550.99305555556,20.2,16.76,3564,15.932
15,"2018-08-21","a",0.728368055555556,0.191381944444444,0.728,0.187,0.728,0.189,0.728,0.19,0.73,0.1979,0.728,0.188,0.728,0.19,12.1309722222222,23.7413888888889,7.53975694444444,1,3424.96527777778,16.348,24.288,3441,11.477
17,"2018-11-28","b",0.351193548387097,0.252425806451613,0.342,0.249,0.347,0.25,0.348,0.25,0.363,0.254,0.342,0.249,0.347,0.25,-4.55068387096774,-1.78436774193548,-5.77257419354839,-6.562,3434.33548387097,-3.659,-1.462,3455.8,-4.8962
20,"2018-10-08","b",0.200854166666667,0.163013888888889,0.195,0.162,0.196,0.163,0.196,0.163,0.214,0.164,0.196,0.163,0.197,0.163,4.33409722222222,5.59259027777778,-3.7511875,-6.253,500,6.665,5.605,500,0.8347
7,"2017-11-03","b",0.475333333333333,0.194382978723404,0.475,0.192,0.475,0.192,0.475,0.193,0.476,0.2,0.474,0.182,0.475,0.18675,0.961780141843972,0.0175035460992908,0.752078014184397,-1.319,2542.85815602837,0.992,0.051,2561,2.3168
20,"2018-05-20","b",0.497611111111111,0.313201388888889,0.49,0.308,0.492,0.309,0.493,0.313,0.504,0.318,0.492,0.308,0.494,0.311,1.81715972222222,-0.287027777777778,0.546215277777778,-4.881,3208.0625,5.297,-0.061,3421.8,7.7262
6,"2018-07-17","b",0.215062937062937,0.267573426573427,0.213,0.261,0.213,0.262,0.214,0.2635,0.217,0.272,0.214,0.259,0.214,0.263,4.55690909090909,8.18197202797203,12.1248951048951,1,3050.25174825175,5.0519,10.223,3073.3,15.27
16,"2018-11-13","b",0.172395833333333,0.102861111111111,0.171,0.098,0.171,0.099,0.172,0.1,0.1749,0.111,0.17,0.099,0.171,0.1,0.590604166666667,-0.793541666666667,-9.80629861111111,-17.59,3105.59722222222,0.677,-0.5792,3150,-1.04769999999999
11,"2018-08-09","b",0.0627777777777778,-0.0107777777777778,0.054,-0.012,0.0573,-0.011,0.061,-0.011,0.091,-0.009,0.05,-0.012,0.051,-0.012,13.5226388888889,12.1421527777778,10.2751041666667,1,3737.80555555556,17.14,12.808,3765,12.97
20,"2018-09-08","b",0.0866597222222222,0.115305555555556,0.082,0.115,0.083,0.115,0.083,0.115,0.101,0.116,0.079,0.114,0.083,0.115,9.34153472222222,7.87373611111111,8.14172916666667,1,518.958333333333,14.415,8.269,508,12.128
20,"2018-10-19","b",0.234395833333333,0.177020833333333,0.23,0.176,0.231,0.176,0.233,0.176,0.237,0.178,0.222,0.176,0.226,0.176,0.523895833333333,2.26098611111111,-0.853701388888889,-4.275,500,0.549,2.287,500,5.2777
18,"2018-06-19","b",0.32275,0.117027777777778,0.307,0.113,0.31,0.114,0.319,0.114,0.378,0.138,0.2941,0.11,0.306,0.113,12.5961805555556,12.0256944444444,8.58273611111111,1,3518.0625,17.268,12.587,3562,11.996
15,"2018-09-06","a",0.728486111111111,0.186652777777778,0.728,0.181,0.728,0.1823,0.728,0.184,0.729,0.194,0.728,0.181,0.728,0.184,9.82895833333333,22.7633333333333,5.86876388888889,1,3421.04861111111,14.44,23.54,3440,9.985
7,"2018-02-10","b",0.142152777777778,0.1063125,0.141,0.106,0.141,0.106,0.142,0.106,0.143,0.107,0.141,0.103,0.142,0.104,-2.69870833333333,-3.45627777777778,-9.43588888888889,-13.98,500,-2.483,-3.2321,500,-5.6608
20,"2017-11-26","b",0.0741041666666667,0.183923611111111,0.07,0.181,0.071,0.182,0.071,0.183,0.091,0.186,0.071,0.182,0.075,0.182,-1.11559027777778,-0.0659236111111111,1.51854166666667,-0.822,3358.75694444444,-0.648,-0.048,3385.9,4.6128
21,"2018-01-13","c",-0.03,0.142333333333333,-0.03,0.141,-0.03,0.141,-0.03,0.141,-0.03,0.144,-0.03,0.139,-0.03,0.141,-3.50304166666667,-4.26356944444444,-10.1152777777778,-10.8,3861.30303030303,-3.024,-4.2031,4131,-7.3873
15,"2018-09-14","a",0.7285,0.183597222222222,0.728,0.176,0.728,0.1763,0.728,0.17975,0.729,0.193,0.728,0.176,0.728,0.179,14.6732638888889,24.25,12.346875,1,3414.43055555556,21.597,25.249,3431,16.986
8,"2018-09-24","b",0.0909861111111111,0.123451388888889,0.087,0.122,0.088,0.122,0.089,0.122,0.097,0.126,0.088,0.122,0.09,0.123,6.36280555555556,6.41214583333333,4.38767361111111,0.033,2442.34027777778,8.204,6.676,2459,8.79
12,"2018-03-14","b",0.0892978723404255,0.123617021276596,0.083,0.122,0.085,0.123,0.085,0.123,0.096,0.125,0.0602,0.122,0.068,0.122,-3.98876595744681,-4.65548936170213,-3.58300709219858,-8.04,3489.03546099291,-1.5844,-3.4364,3526,-0.183199999999999
7,"2018-03-23","b",0.137034722222222,0.104451388888889,0.136,0.102,0.136,0.102,0.137,0.103,0.139,0.107,0.136,0.097,0.137,0.101,-3.43561111111111,-3.56267361111111,-1.53430555555556,-5.174,994.769230769231,-3.069,-3.3082,2241.4,0.760800000000002
16,"2018-09-02","b",0.0995,0.0311458333333333,0.096,0.027,0.097,0.028,0.099,0.028,0.101,0.033,0.095,0.023,0.096,0.026,9.77020833333333,10.3980902777778,8.44998611111111,1,3269.86805555556,10.419,13.449,3292,10.678
8,"2018-08-23","b",0.258055555555556,0.182229166666667,0.247,0.177,0.2483,0.178,0.251,0.18,0.274,0.203,0.243,0.171,0.247,0.175,7.89690972222222,7.22646527777778,6.08733333333333,1,2452.52083333333,10.498,7.463,2476,10.639
16,"2018-09-01","b",0.100694444444444,0.0285763888888889,0.099,0.023,0.1,0.025,0.1,0.027,0.102,0.035,0.099,0.026,0.1,0.027,10.2402777777778,11.0155555555556,8.19167361111111,1,3275.02777777778,10.51,14.9,3289.9,11.998
18,"2018-02-17","b",0.1329375,0.0480069444444444,0.129,0.048,0.13,0.048,0.13,0.048,0.135,0.048,0.129,0.047,0.13,0.047,-1.39956944444444,-0.960652777777778,-10.9774652777778,-13.81,2835.11805555556,-1.392,-0.949,2912,-4.3638
20,"2018-07-31","b",0.191375,0.189555555555556,0.183,0.187,0.186,0.188,0.191,0.188,0.204,0.192,0.176,0.186,0.178,0.187,11.5546458333333,9.65069444444444,8.74185416666667,1,3420.9375,14.73,10.189,3444,13.724
13,"2018-11-29","b",0.0724791666666667,0.431736111111111,0.071,0.431,0.071,0.431,0.072,0.431,0.075,0.434,0.069,0.43,0.071,0.431,-0.919763888888889,-0.0835208333333333,-5.52692361111111,-7.208,2639.13888888889,-0.7167,-0.058,2661,-4.4697
15,"2017-11-22","a",0.728284722222222,0.220034722222222,0.728,0.215,0.728,0.216,0.728,0.22,0.729,0.222,0.728,0.2171,0.728,0.219,-0.0510833333333333,10.6494444444444,-1.94190277777778,-4.212,3330.66666666667,-0.029,10.69,3441,0.4341
13,"2018-10-08","b",0.158888888888889,0.421847222222222,0.155,0.416,0.155,0.417,0.155,0.419,0.1679,0.425,0.141,0.417,0.154,0.42,3.75780555555556,4.25416666666667,-3.3314375,-5.748,3248.61805555556,4.952,4.413,3287,0.614400000000002
15,"2018-11-18","a",0.728354166666667,0.216388888888889,0.728,0.216,0.728,0.216,0.728,0.216,0.729,0.217,0.728,0.216,0.728,0.216,0.0672569444444444,12.0284722222222,-8.11334027777778,-11.51,500,0.1018,12.04,500,-4.7546
18,"2018-02-12","b",0.133604166666667,0.0490138888888889,0.129,0.048,0.131,0.049,0.131,0.049,0.136,0.049,0.13,0.048,0.131,0.049,-1.52539583333333,-1.04229166666667,-7.74642361111111,-11.06,2363.85416666667,-1.4798,-1.01,2405,-5.6378
15,"2018-07-04","a",0.728090277777778,0.214541666666667,0.728,0.208,0.728,0.21,0.728,0.211,0.728,0.219,0.728,0.21,0.728,0.212,14.0295833333333,22.0219444444444,12.5542361111111,1,3426.63888888889,18.697,22.998,3438,15.605
11,"2018-10-10","b",0.255090277777778,-0.0248055555555556,0.252,-0.025,0.253,-0.025,0.253,-0.025,0.265,-0.023,0.246,-0.026,0.252,-0.025,2.29659722222222,4.29423611111111,-7.63852083333333,-10.72,3619.77083333333,3.216,5.402,3769,-3.676
7,"2018-03-02","b",0.1356875,0.0950416666666667,0.135,0.092,0.135,0.092,0.135,0.092,0.136,0.102,0.135,0.091,0.135,0.092,-4.84124305555556,-6.17744444444444,-5.43920833333333,-8.68,500,-4.571,-5.575,500,-0.532
18,"2018-03-14","b",0.128909722222222,0.042,0.124,0.042,0.126,0.042,0.127,0.042,0.132,0.043,0.126,0.042,0.127,0.042,-2.32417361111111,-1.77129166666667,-2.76474305555556,-7.088,2893.47916666667,-2.2261,-1.7091,3041.9,0.778200000000002
16,"2018-11-14","b",0.174222222222222,0.109465277777778,0.173,0.108,0.174,0.108,0.174,0.108,0.175,0.111,0.172,0.1,0.173,0.108,0.521756944444444,-0.750465277777778,-3.30363888888889,-7.074,3108.67361111111,0.6049,-0.686,3136,-0.859499999999996
7,"2017-12-19","b",0.153846153846154,0.105818181818182,0.153,0.103,0.153,0.103,0.154,0.104,0.156,0.111,0.154,0.101,0.154,0.103,-1.77134965034965,-3.45091608391608,-4.38900699300699,-7.154,2538.62237762238,-1.5388,-2.238,2554,-2.778
15,"2018-09-03","a",0.728416666666667,0.181416666666667,0.728,0.177,0.728,0.179,0.728,0.18,0.729,0.185,0.728,0.178,0.728,0.18,11.2517361111111,23.6805555555556,7.93704861111111,1,3419.52083333333,15.469,24.11,3436,11.193
7,"2018-04-29","b",0.15625,0.154666666666667,0.154,0.145,0.155,0.148,0.156,0.15175,0.159,0.175,0.15,0.137,0.151,0.139,-0.516243055555556,-0.201159722222222,3.43116666666667,0.061,523.75,-0.284,-0.117,747.6,6.6454
20,"2018-04-13","b",0.0561111111111111,0.0817708333333333,0.056,0.081,0.056,0.081,0.056,0.082,0.057,0.083,0.055,0.081,0.056,0.082,-1.24396527777778,-1.28613194444444,-10.8647638888889,-14.14,3114.51388888889,-1.235,-1.227,3135,4.1168
7,"2018-02-09","b",0.141645833333333,0.1048125,0.141,0.104,0.141,0.104,0.141,0.104,0.143,0.107,0.141,0.103,0.141,0.104,-2.84467361111111,-3.97961805555556,-5.99634027777778,-7.335,500,-2.6452,-3.3722,500,-5.6188
8,"2018-01-30","b",0.112458333333333,0.0729375,0.111,0.07,0.111,0.072,0.111,0.073,0.113,0.074,0.108,0.07,0.109,0.071,-6.24827777777778,-5.61286805555556,-4.83765972222222,-6.746,2522.98611111111,-5.9521,-5.279,2570.8,-4.052
11,"2018-10-02","b",0.0245,-0.0310555555555556,0.023,-0.032,0.023,-0.032,0.023,-0.031,0.1299,-0.029,0.022,-0.032,0.023,-0.031,8.44679166666667,9.20430555555556,5.31634027777778,1,3721.48611111111,11.206,9.799,3764,7.3324
6,"2018-09-26","b",0.187153846153846,0.174741258741259,0.178,0.167,0.179,0.171,0.18,0.172,0.194,0.178,0.178,0.171,0.18,0.174,4.79103496503496,5.76732867132867,2.0522027972028,-3.62,3060.32867132867,5.466,7.797,3081,7.195
15,"2017-12-29","a",0.72734965034965,0.12693006993007,0.727,0.126,0.727,0.126,0.727,0.126,0.728,0.128,0.727,0.126,0.727,0.126,-1.51613986013986,18.9987412587413,-3.96463636363636,-5.917,2987.14685314685,-1.344,19.02,3347,-1.2822
18,"2017-10-30","b",0.130541666666667,0.0957430555555556,0.112,0.093,0.115,0.094,0.12075,0.094,0.144,0.098,0.118,0.093,0.124,0.094,0.0267638888888889,0.912784722222222,-1.48086805555556,-7.102,3527.54166666667,0.103,0.9899,3556,1.3101
18,"2018-02-15","b",0.132958333333333,0.048,0.129,0.048,0.13,0.048,0.13,0.048,0.136,0.048,0.13,0.048,0.13,0.048,-1.45659722222222,-0.987395833333333,-8.44785416666667,-12.44,2638.23611111111,-1.425,-0.974,2795,-5.1406
11,"2018-10-26","b",0.245430555555556,0.0343819444444444,0.244,0.032,0.244,0.032,0.245,0.033,0.249,0.038,0.243,0.029,0.244,0.032,2.2128125,2.92270138888889,-2.63332638888889,-5.104,3703.20138888889,3.4921,3.4728,3742.9,1.3135
15,"2017-10-27","a",0.728236111111111,0.223569444444444,0.728,0.222,0.728,0.223,0.728,0.223,0.729,0.224,0.728,0.222,0.728,0.222,0.984868055555556,12.0247222222222,-7.04742361111111,-10.13,3413.49305555556,1.8289,12.26,3430,-2.775
16,"2018-07-18","b",0.218145833333333,0.0504166666666667,0.212,0.046,0.214,0.046,0.217,0.047,0.225,0.058,0.21,0.042,0.212,0.046,8.96111111111111,12.8742361111111,12.4618055555556,1,3270.10416666667,9.53,17.339,3293,17.409
17,"2018-11-03","b",0.394222222222222,0.273076388888889,0.385,0.269,0.387,0.27,0.393,0.271,0.398,0.276,0.39,0.27,0.393,0.272,-0.0322152777777778,1.22028472222222,-6.22269444444444,-8.36,3375.97916666667,0.047,1.519,3464.5,-3.348
8,"2018-08-08","b",0.192715277777778,0.156527777777778,0.184,0.152,0.189,0.153,0.19,0.155,0.224,0.166,0.179,0.151,0.181,0.153,9.88321527777778,8.21896527777778,8.69878472222222,1,2448.9375,12.51,8.5,2493.9,12.358
15,"2017-10-28","a",0.728305555555556,0.222527777777778,0.728,0.221,0.728,0.222,0.728,0.222,0.729,0.224,0.728,0.2211,0.728,0.222,0.303076388888889,11.4771527777778,-4.67596527777778,-6.901,3414.0625,1.1683,12.22,3427,0.95
8,"2017-11-16","b",0.166090277777778,0.202298611111111,0.162,0.199,0.162,0.201,0.165,0.202,0.172,0.204,0.162,0.198,0.163,0.2,-0.735826388888889,-0.258743055555556,-0.6568125,-2.199,2287.04861111111,-0.533,-0.235,2304.9,0.275700000000005
15,"2018-01-30","a",0.727333333333333,0.123826388888889,0.727,0.123,0.727,0.123,0.727,0.124,0.728,0.125,0.727,0.123,0.727,0.123,-2.75497916666667,19.5440972222222,-3.18960416666667,-5.08,3326.03472222222,-2.7052,19.57,3342,-2.5393
8,"2017-11-03","b",0.176034722222222,0.213555555555556,0.165,0.21,0.1693,0.211,0.172,0.211,0.179,0.22,0.157,0.212,0.164,0.214,-0.816527777777778,0.0321319444444444,0.0479097222222222,-2.109,2436.71527777778,-0.566,0.045,2454,1.7169
15,"2018-06-25","a",0.728611111111111,0.228020833333333,0.728,0.226,0.728,0.227,0.728,0.227,0.729,0.232,0.728,0.226,0.729,0.227,9.28325,17.5019444444444,6.91852777777778,1,3424.01388888889,17.025,19.349,3438,14.988
20,"2018-04-02","b",0.0537569444444444,0.0810347222222222,0.052,0.08,0.052,0.08,0.052,0.08,0.056,0.083,0.051,0.079,0.052,0.08,-1.85139583333333,-1.69994444444444,0.0958402777777778,-2.121,3201.59722222222,-1.585,-1.546,3262,1.2948
8,"2018-03-02","b",0.114701388888889,0.0765347222222222,0.113,0.076,0.114,0.076,0.114,0.076,0.116,0.077,0.113,0.076,0.114,0.076,-6.96009722222222,-6.06204861111111,-6.31738194444444,-9.57,2346.4375,-6.643,-5.954,2375,-1.2609
15,"2017-12-19","a",0.727375,0.130951388888889,0.727,0.13,0.727,0.131,0.727,0.131,0.728,0.133,0.727,0.13,0.727,0.131,-2.45213888888889,18.085625,-2.98502083333333,-6.031,3417.79861111111,-2.2014,18.2,3432,-1.0853
7,"2017-12-06","b",0.204319444444444,0.114243055555556,0.192,0.112,0.194,0.1123,0.197,0.113,0.2569,0.123,0.1801,0.107,0.189,0.11,-0.256125,-3.12457638888889,-14.5465277777778,-18.41,2482.40277777778,-0.102,-2.0775,2505,-9.65699999999999
20,"2017-11-11","b",0.2529375,0.216,0.252,0.216,0.253,0.216,0.253,0.216,0.2539,0.216,0.251,0.215,0.252,0.215,-0.0585902777777778,0.533895833333333,-1.84577777777778,-4.714,3210.36111111111,-0.039,0.554,3229,1.1997
14,"2018-01-17","b",0.0472013888888889,0.0807847222222222,0.041,0.078,0.043,0.08,0.04575,0.081,0.051,0.083,0.044,0.08,0.046,0.081,-7.96320833333333,-5.79379861111111,-5.86809722222222,-8.49,3244.64864864865,-5.932,-4.7008,3398.3,-0.842499999999999
18,"2018-10-13","b",0.191347222222222,0.122041666666667,0.189,0.118,0.19,0.119,0.191,0.12,0.198,0.124,0.191,0.117,0.192,0.118,1.84066666666667,2.92336111111111,-1.47596527777778,-4.171,2993.25,2.0409,3.1468,3259.8,-0.5652
18,"2017-12-22","b",0.144597222222222,0.0792361111111111,0.139,0.079,0.1403,0.079,0.141,0.079,0.148,0.08,0.14,0.078,0.143,0.078,-0.630923611111111,-0.0402222222222222,-10.7791666666667,-13.88,3011.38194444444,-0.59,-0.014,3041.8,-5.2964
18,"2018-01-18","b",0.136520833333333,0.058,0.132,0.056,0.133,0.056,0.134,0.058,0.14,0.059,0.133,0.056,0.134,0.056,-1.22107638888889,-0.4834375,-1.91778472222222,-6.479,2902.29861111111,-1.0452,-0.422,2931.9,1.1535
15,"2018-09-04","a",0.728465277777778,0.183291666666667,0.728,0.178,0.728,0.18,0.728,0.181,0.729,0.186,0.728,0.179,0.728,0.18,10.4507777777778,22.9227083333333,8.28898611111111,1,3423.92361111111,14.805,24.108,3436,10.47
15,"2018-01-02","a",0.727811188811189,0.129006993006993,0.727,0.129,0.727,0.129,0.728,0.129,0.728,0.129,0.727,0.128,0.727,0.129,-1.15797202797203,18.8859440559441,-9.61471328671329,-15.27,3335.48951048951,-1.152,18.91,3425,-3.9
20,"2018-07-18","b",0.111277777777778,0.193055555555556,0.105,0.191,0.11,0.191,0.11,0.192,0.118,0.195,0.099,0.189,0.105,0.191,12.6916666666667,9.18034722222222,12.7798611111111,1,3410.97916666667,17.788,9.76,3420,17.511
20,"2017-12-27","b",0.0458472222222222,0.0848263888888889,0.044,0.084,0.044,0.084,0.044,0.084,0.0489,0.086,0.043,0.083,0.044,0.083,-2.29253472222222,-1.37694444444444,-9.12059722222222,-10.62,2952.69444444444,-1.86,-1.244,3335,-6.779
14,"2018-03-25","b",0.0749090909090909,0.0921888111888112,0.061,0.089,0.064,0.0892,0.0665,0.091,0.088,0.094,0.065,0.091,0.068,0.092,-2.14455944055944,-1.65506293706294,-2.77983916083916,-4.914,3328.15384615385,-0.4271,-0.8349,3364.8,-0.8419
18,"2018-08-25","b",0.114694444444444,0.0774583333333333,0.107,0.072,0.111,0.073,0.111,0.074,0.126,0.085,0.104,0.073,0.111,0.073,9.0780625,7.9455625,10.7111736111111,1,3590.05555555556,13.01,8.38,3633,13.789
15,"2017-11-12","a",0.728131944444444,0.220166666666667,0.728,0.218,0.728,0.219,0.728,0.22,0.729,0.223,0.728,0.217,0.728,0.219,0.188875,10.7447222222222,-3.28022916666667,-5.25,3312.65277777778,0.221,10.78,3428,1.673
8,"2017-11-07","b",0.177430555555556,0.209354166666667,0.174,0.208,0.176,0.208,0.177,0.209,0.181,0.213,0.172,0.207,0.174,0.208,-0.540673611111111,-0.136375,-8.03636805555556,-10.85,2095.1875,-0.52,-0.063,2136,-3.3854
20,"2017-12-17","b",0.0495555555555556,0.0878819444444444,0.046,0.086,0.047,0.086,0.048,0.087,0.0549,0.089,0.046,0.085,0.047,0.086,-2.90902777777778,-1.1229375,-7.50563194444444,-11.19,3132.81944444444,-1.9264,-0.9321,3386,-2.2538
12,"2017-12-02","b",0.118881944444444,0.12525,0.115,0.115,0.115,0.116,0.11575,0.11975,0.129,0.162,0.115,0.116,0.116,0.118,-2.78083333333333,-0.461631944444444,-2.839125,-4.599,3551.97916666667,-1.4134,-0.2886,3610.2,-0.064399999999999
12,"2018-01-03","b",0.0995,0.0684861111111111,0.099,0.068,0.099,0.068,0.099,0.068,0.101,0.071,0.099,0.068,0.099,0.069,-7.28506944444444,-4.24911111111111,-5.93969444444444,-8.72,3504.30555555556,-5.712,-3.679,3532,-2.641
20,"2018-06-17","b",0.330618055555556,0.252444444444444,0.312,0.243,0.313,0.244,0.315,0.244,0.37,0.298,0.2781,0.239,0.312,0.24175,8.87270138888889,6.22914583333333,6.83404166666667,1,3419.72916666667,12.008,6.65,3432,11.884
12,"2018-04-10","b",0.0954335664335664,0.132496503496503,0.095,0.132,0.095,0.132,0.095,0.132,0.096,0.133,0.095,0.132,0.095,0.132,-2.52131468531469,-2.27726573426573,-4.9891958041958,-8.1,2914.9020979021,-2.469,-2.221,2971,1.874
12,"2018-02-26","b",0.0293958333333333,0.108625,0.025,0.108,0.026,0.108,0.028,0.108,0.037,0.111,0.027,0.108,0.03,0.109,-11.8245277777778,-9.07805555555556,-12.5137916666667,-17.4,3457.63194444444,-4.4846,-7.4092,3471,-5.877
20,"2018-03-30","b",0.0524166666666667,0.0806111111111111,0.051,0.079,0.051,0.079,0.051,0.08,0.055,0.083,0.051,0.079,0.051,0.079,-1.93213888888889,-1.59078472222222,-6.72723611111111,-9.23,3205.46527777778,-1.852,-1.5271,3251,-2.2502
6,"2018-11-24","b",0.1929375,0.1964375,0.192,0.195,0.193,0.195,0.193,0.196,0.194,0.2,0.192,0.195,0.192,0.195,-0.601576388888889,0.0980138888888889,-7.82536805555556,-13.87,2277.71929824561,-0.568,0.116,2496,-6.0388
20,"2018-06-29","b",0.248875,0.227875,0.242,0.226,0.244,0.227,0.249,0.227,0.262,0.233,0.242,0.225,0.243,0.227,11.0963819444444,7.79467361111111,13.6524305555556,1,3391.02777777778,14.329,8.2,3414.9,17.25
11,"2018-07-07","b",0.0466527777777778,-0.00441666666666667,0.045,-0.007,0.045,-0.006,0.045,-0.005,0.049,-0.001,0.045,-0.007,0.045,-0.006,12.3640972222222,10.6945138888889,13.3189583333333,1,3778.45138888889,15.396,11.28,3844.9,16.25
15,"2018-05-11","a",0.728013333333333,0.19824,0.728,0.192,0.728,0.193,0.728,0.193,0.728,0.2228,0.728,0.193,0.728,0.196,-0.01856,5.96223333333333,6.15414,1,3027.92372881356,-0.018,7.2746,3095,10.894
16,"2018-09-18","b",0.0873888888888889,0.0271180555555556,0.086,0.023,0.087,0.023,0.087,0.024,0.09,0.034,0.086,0.023,0.086,0.024,11.1074305555556,13.4397222222222,12.0255555555556,1,3261.48611111111,11.34,17.31,3286,14.976
17,"2018-11-11","b",0.390590277777778,0.271326388888889,0.387,0.265,0.388,0.2696,0.389,0.272,0.394,0.272,0.387,0.267,0.389,0.268,-2.92385416666667,-0.171631944444444,-13.7126180555556,-17.98,3456.55555555556,-2.365,0.108400000000001,3453,-6.8269
15,"2018-06-02","a",0.727701388888889,0.298694444444444,0.727,0.285,0.727,0.287,0.727,0.29,0.728,0.316,0.727,0.277,0.727,0.284,7.82571527777778,14.00125,5.74604166666667,-0.1,3428.79166666667,12.892,14.83,3441.9,11.705
16,"2018-11-04","b",0.126304347826087,0.187949275362319,0.121,0.187,0.122,0.187,0.123,0.187,0.1395,0.197,0.113,0.1615,0.11725,0.184,1.20571014492754,0.233239130434783,-8.31039855072464,-9.31,3002.13043478261,1.3105,0.2715,3232,-5.741
15,"2018-01-26","a",0.727402777777778,0.125006944444444,0.727,0.125,0.727,0.125,0.727,0.125,0.728,0.126,0.727,0.124,0.727,0.125,-2.80194444444444,19.4340972222222,-10.905375,-15.99,3243.06944444444,-2.6311,19.49,3312,-1.823
18,"2018-04-01","b",0.130944444444444,0.043,0.127,0.043,0.128,0.043,0.129,0.043,0.133,0.043,0.128,0.043,0.129,0.043,-1.213875,-0.9209375,-2.25323611111111,-5.473,2504.15277777778,-1.177,-0.895,2608,1.4383
8,"2018-10-16","b",0.285861111111111,0.178604166666667,0.285,0.177,0.285,0.178,0.285,0.178,0.288,0.18,0.285,0.1761,0.286,0.178,0.703743055555556,1.78431944444444,-6.64818055555556,-12.25,2058.11805555556,0.8529,1.8269,2099,-2.4207
20,"2018-06-04","b",0.406284722222222,0.384118055555556,0.403,0.368,0.403,0.372,0.406,0.3785,0.41,0.443,0.4,0.357,0.401,0.36575,6.68720138888889,3.63056944444444,9.23423611111111,1,3442.28472222222,11.205,4.0874,3456.9,14.582
6,"2018-08-30","b",0.191083916083916,0.21027972027972,0.189,0.2,0.19,0.201,0.19,0.2055,0.194,0.232,0.19,0.194,0.19,0.2,6.18516783216783,8.41182517482518,10.9444265734266,1,3074.41958041958,6.376,10.3,3085,13.6
18,"2018-03-06","b",0.131169014084507,0.0461549295774648,0.126,0.046,0.127,0.046,0.128,0.046,0.134,0.048,0.126,0.045,0.128,0.046,-2.58068309859155,-1.73540845070423,-16.2878873239437,-24.15,2924.06338028169,-2.328,-1.681,2940.5,-10.1
13,"2018-09-18","b",0.0987638888888889,0.444951388888889,0.094,0.442,0.097,0.443,0.097,0.444,0.111,0.448,0.088,0.442,0.09,0.444,8.43228472222222,6.62444444444444,12.395,1,3284.76388888889,11.559,6.8749,3310,15.288
16,"2018-10-15","b",0.0945833333333333,0.219159722222222,0.094,0.217,0.094,0.218,0.094,0.218,0.097,0.223,0.094,0.218,0.094,0.219,3.29776388888889,1.34273611111111,-10.6199583333333,-15.41,3000.69444444444,3.7158,2.0374,3171.5,-2.111
19,"2018-08-24","b",0.161763888888889,0.1133125,0.158,0.11,0.161,0.111,0.161,0.112,0.163,0.119,0.148,0.108,0.15,0.11,11.8155416666667,9.89375,9.48345138888889,1,500,19.245,10.69,500,13.939
16,"2018-11-25","b",0.112965277777778,0.0799861111111111,0.112,0.078,0.113,0.078,0.113,0.079,0.118,0.083,0.113,0.078,0.113,0.079,-0.229055555555556,-1.68628472222222,-14.9090972222222,-16.84,2778.83333333333,-0.1171,-1.47,3031.9,-6.346
8,"2018-10-06","b",0.282638888888889,0.193666666666667,0.274,0.188,0.2743,0.189,0.275,0.19,0.3058,0.2279,0.275,0.189,0.279,0.19,3.36843055555556,4.38238888888889,-2.67010416666667,-4.78,2438.59027777778,4.396,5.099,2452,1.1165
15,"2018-11-09","a",0.728402777777778,0.217777777777778,0.728,0.217,0.728,0.217,0.728,0.218,0.729,0.219,0.728,0.217,0.728,0.217,0.367847222222222,12.2150694444444,-12.4980347222222,-15.33,500,0.392,12.23,500,-6.466
18,"2018-03-02","b",0.131472222222222,0.0461805555555556,0.127,0.045,0.129,0.045,0.129,0.046,0.134,0.048,0.128,0.045,0.129,0.045,-2.58239583333333,-1.72115972222222,-4.4274375,-8.17,2959.68055555556,-2.462,-1.631,3007,1.1785
11,"2018-11-01","b",0.228791666666667,0.0363125,0.223,0.035,0.224,0.036,0.225,0.036,0.235,0.039,0.206,0.036,0.217,0.036,0.668104166666667,1.78549305555556,-9.42171527777778,-11.38,3609.66666666667,0.958,2.3557,3715.9,-3.9827
15,"2018-06-24","a",0.729,0.229111111111111,0.729,0.224,0.729,0.226,0.729,0.227,0.729,0.233,0.728,0.227,0.729,0.228,10.4609166666667,18.8352083333333,4.71509027777778,-0.162,3424.25,16.068,19.49,3437,12.345
18,"2018-09-25","b",0.0602013888888889,0.0797152777777778,0.056,0.075,0.056,0.077,0.058,0.078,0.065,0.085,0.056,0.076,0.058,0.077,4.87692361111111,6.3621875,1.32163194444444,-3.431,3628.29861111111,8.458,7.4429,3650,7.2485
18,"2017-10-28","b",0.1380625,0.097625,0.119,0.094,0.126,0.094,0.13,0.096,0.166,0.101,0.1201,0.094,0.129,0.097,0.174381944444444,1.18451388888889,-4.83493055555556,-6.946,3448.1875,0.5837,1.7156,3512,0.8719
16,"2018-09-21","b",0.0857152777777778,0.0267291666666667,0.085,0.021,0.085,0.022,0.085,0.022,0.089,0.035,0.085,0.022,0.085,0.023,9.70069444444444,9.36031944444444,6.44405555555556,1,3283.63194444444,10.829,14.386,3295,11.718
19,"2018-08-18","b",0.0653888888888889,0.0765972222222222,0.063,0.075,0.063,0.076,0.063,0.076,0.078,0.081,0.063,0.076,0.064,0.077,12.1536805555556,11.518125,9.35957638888889,1,500,17.028,12.469,500,13.046
20,"2018-07-19","b",0.101902777777778,0.1903125,0.095,0.188,0.099,0.1883,0.099,0.189,0.112,0.194,0.088,0.186,0.092,0.188,13.1340277777778,9.521875,14.1926388888889,1,3403.45138888889,17.869,10.01,3424.9,18.39
15,"2017-12-08","a",0.727333333333333,0.178451388888889,0.727,0.16,0.727,0.162,0.727,0.167,0.728,0.209,0.727,0.15,0.727,0.155,-1.67084027777778,15.5426388888889,-7.44534722222222,-11.89,3416.38194444444,-1.4523,16,3423.9,-3.4343
18,"2017-12-11","b",0.158055555555556,0.0797361111111111,0.153,0.079,0.154,0.079,0.155,0.079,0.164,0.081,0.152,0.079,0.157,0.079,-0.353631944444444,0.255020833333333,-2.1391875,-4.719,3144.99305555556,-0.26,0.298,3186,1.3538
20,"2018-06-23","b",0.288854166666667,0.244326388888889,0.282,0.242,0.2833,0.242,0.289,0.243,0.302,0.25,0.283,0.242,0.289,0.24275,8.734375,6.5289375,7.97424305555556,1,3405.35416666667,12.27,7.1699,3414.9,11.915
20,"2018-10-06","b",0.182777777777778,0.165861111111111,0.178,0.164,0.179,0.164,0.179,0.165,0.2,0.176,0.172,0.163,0.176,0.164,4.35172916666667,5.92272222222222,-1.38642361111111,-3.716,500,8.157,6.66,500,2.4658
18,"2018-05-16","b",0.313083333333333,0.0996111111111111,0.311,0.094,0.311,0.097,0.312,0.098,0.318,0.103,0.308,0.0951,0.311,0.097,-0.012,0.0172291666666667,5.95080555555556,1,3012.1875,-0.012,0.018,3096.6,11.117
7,"2018-01-08","b",0.145035211267606,0.107281690140845,0.144,0.106,0.145,0.106,0.145,0.106,0.146,0.112,0.144,0.106,0.145,0.107,-1.98707042253521,-3.29589436619718,-3.13911267605634,-9.4,2481.06338028169,-1.8686,-2.8104,2563,-0.2022
8,"2018-11-24","b",0.119055555555556,0.121430555555556,0.118,0.117,0.118,0.118,0.118,0.119,0.12,0.139,0.117,0.114,0.118,0.115,-2.13345138888889,-0.533493055555556,-8.98179861111111,-15.15,1896.72222222222,-1.745,-0.519,2008,-7.154
8,"2018-10-28","b",0.305583333333333,0.184215277777778,0.304,0.184,0.304,0.184,0.305,0.184,0.308,0.185,0.304,0.182,0.305,0.184,0.3221875,0.942756944444444,1.12508333333333,-0.96,2194.77083333333,0.34,1.1869,2214,3.5553
15,"2018-08-06","a",0.729083333333333,0.205,0.729,0.2,0.729,0.201,0.729,0.202,0.73,0.208,0.729,0.201,0.729,0.203,13.5059027777778,22.48875,10.5273263888889,1,500,19.389,23.589,500,14.659
7,"2017-12-26","b",0.150034722222222,0.107201388888889,0.15,0.105,0.15,0.106,0.15,0.106,0.151,0.11,0.15,0.101,0.15,0.105,-1.66392361111111,-2.87480555555556,-9.88701388888889,-10.58,2303.84027777778,-1.388,-2.5139,2456,-8.799
20,"2018-03-14","b",0.0439722222222222,0.0724791666666667,0.043,0.071,0.043,0.071,0.044,0.072,0.046,0.075,0.043,0.072,0.044,0.072,-2.50998611111111,-2.60525,-3.10516666666667,-7.995,3089.40277777778,-1.2731,-2.197,3417,0.619300000000001
15,"2017-12-31","a",0.727659722222222,0.128277777777778,0.727,0.128,0.727,0.128,0.727,0.128,0.728,0.129,0.727,0.128,0.727,0.128,-1.24852083333333,18.9280555555556,-7.80009027777778,-10.89,3078.58333333333,-1.1561,18.97,3349.9,-1.422
6,"2018-10-26","b",0.186678321678322,0.249398601398601,0.186,0.249,0.186,0.249,0.186,0.249,0.191,0.25,0.186,0.249,0.186,0.249,0.732286713286713,1.4141048951049,-2.93004195804196,-5.244,2797.12587412587,0.8011,1.492,2817,0.579600000000007
6,"2018-11-22","b",0.194958333333333,0.203472222222222,0.194,0.201,0.195,0.202,0.195,0.202,0.196,0.209,0.194,0.199,0.194,0.2,-0.542819444444445,0.129965277777778,-3.40136805555556,-5.796,2490.36036036036,-0.502,0.147,2499,-2.2676
14,"2018-03-04","b",0.0535874125874126,0.087020979020979,0.046,0.085,0.0472,0.086,0.052,0.086,0.058,0.088,0.042,0.084,0.048,0.085,-1.90623076923077,-3.48458741258741,-3.00565734265734,-11.5,3360.546875,-0.843,-2.949,3411.3,-0.2161
16,"2018-09-13","b",0.0959513888888889,0.0415486111111111,0.095,0.037,0.095,0.038,0.095,0.038,0.097,0.05,0.094,0.034,0.095,0.038,9.72722222222222,12.6209027777778,12.2322291666667,1,3259.25694444444,10.34,17.19,3282.9,16.25
8,"2018-07-30","b",0.170409722222222,0.157201388888889,0.153,0.153,0.1623,0.1543,0.16875,0.156,0.211,0.171,0.146,0.152,0.14875,0.154,9.90243055555556,8.0910625,5.27820833333333,1,2432.63888888889,12.52,8.25,2466,13.119
8,"2018-11-01","b",0.3046875,0.186166666666667,0.301,0.184,0.303,0.185,0.304,0.185,0.307,0.188,0.299,0.185,0.30075,0.185,0.234402777777778,0.941993055555556,-10.7789722222222,-12.7,1990.77083333333,0.361,0.953,2083,-4.8491
13,"2018-09-05","b",0.154416666666667,0.456826388888889,0.152,0.44,0.152,0.454,0.153,0.455,0.176,0.459,0.153,0.45,0.155,0.451,7.30725694444444,5.98318055555556,5.54397916666667,1,3286.99305555556,9.1,6.2287,3328,10.54
15,"2018-01-23","a",0.727368055555556,0.126944444444444,0.727,0.126,0.727,0.127,0.727,0.127,0.728,0.127,0.727,0.126,0.727,0.126,-2.16713888888889,19.323125,-14.1383333333333,-15.16,3235.09027777778,-2.018,19.35,3307,-7.0332
8,"2018-10-18","b",0.287604166666667,0.176541666666667,0.286,0.175,0.286,0.176,0.287,0.176,0.291,0.178,0.286,0.175,0.28675,0.176,0.618784722222222,1.48628472222222,-1.99579166666667,-6.29,2120.22222222222,0.6539,1.7126,2159.9,0.5345
20,"2018-03-26","b",0.0524236111111111,0.0771319444444444,0.051,0.077,0.052,0.077,0.052,0.077,0.053,0.077,0.052,0.077,0.052,0.077,-1.26585416666667,-1.26585416666667,-5.51852083333333,-8.29,3265.54861111111,-1.226,-1.24,3301.8,-1.1264
13,"2018-08-31","b",0.176229166666667,0.464423611111111,0.171,0.462,0.172,0.463,0.175,0.464,0.188,0.467,0.169,0.463,0.17,0.463,7.48234027777778,6.49490277777778,11.1038194444444,1,3283.33333333333,9.55,6.52,3310,13.758
15,"2018-07-14","a",0.728298611111111,0.202875,0.728,0.197,0.728,0.198,0.728,0.20075,0.729,0.205,0.728,0.2,0.728,0.201,14.1170833333333,23.2884027777778,12.6614583333333,1,3429.82638888889,17.607,24.31,3445,15.874
8,"2018-02-10","b",0.115229166666667,0.0756319444444444,0.113,0.073,0.114,0.075,0.114,0.075,0.118,0.078,0.114,0.072,0.114,0.073,-4.88020833333333,-4.4845625,-10.3212083333333,-14.9,2110.89583333333,-4.5751,-4.242,2479.9,-6.4952
15,"2018-03-16","a",0.727496503496504,0.122986013986014,0.727,0.122,0.727,0.123,0.727,0.123,0.728,0.123,0.727,0.123,0.727,0.123,-1.76020979020979,19.7574825174825,-8.45381118881119,-10.1,3000.2027972028,-1.654,19.78,3160,0.097
15,"2018-10-09","a",0.728753521126761,0.208049295774648,0.728,0.205,0.728,0.206,0.729,0.206,0.729,0.211,0.728,0.206,0.729,0.207,3.63062676056338,18.1562676056338,-4.56700704225352,-5.772,3399.74647887324,6.2454,19.222,3424,-2.7582
13,"2018-10-28","b",0.221777777777778,0.430930555555556,0.219,0.423,0.22,0.424,0.221,0.42675,0.225,0.442,0.2181,0.424,0.22,0.43175,-0.112798611111111,1.0793125,3.03247916666667,0.722,3221.44444444444,-0.088,1.363,3264.9,5.8332
6,"2018-09-02","b",0.192347222222222,0.182451388888889,0.187,0.177,0.1873,0.177,0.188,0.18,0.193,0.189,0.187,0.176,0.188,0.177,5.95886111111111,7.64425694444444,8.49463194444444,1,3066.67361111111,6.303,9.36,3082,10.242
15,"2018-09-07","a",0.728486111111111,0.193041666666667,0.728,0.19,0.728,0.191,0.728,0.192,0.729,0.196,0.728,0.185,0.728,0.189,9.52367361111111,22.0144444444444,7.15729861111111,1,3424.42361111111,14.568,23.249,3439,11.566
19,"2018-07-31","b",0.200659722222222,0.140729166666667,0.189,0.135,0.1933,0.136,0.197,0.139,0.217,0.149,0.181,0.132,0.185,0.134,13.7083194444444,11.3069444444444,9.07770138888889,1,500,18.53,11.97,500,13.649
18,"2018-03-31","b",0.130819444444444,0.0430069444444444,0.126,0.043,0.128,0.043,0.129,0.043,0.133,0.043,0.128,0.043,0.129,0.043,-1.23847916666667,-0.944229166666667,-3.40927777777778,-4.808,2580.98611111111,-1.209,-0.916,2586.9,-1.0842
18,"2017-11-10","b",0.140743055555556,0.0860486111111111,0.135,0.085,0.139,0.086,0.139,0.086,0.144,0.087,0.137,0.084,0.139,0.085,0.111805555555556,0.637090277777778,0.0540347222222222,-1.769,2817.19444444444,0.115,0.651,2856.9,1.9738
20,"2018-03-09","b",0.0426805555555556,0.0722361111111111,0.041,0.071,0.042,0.0713,0.042,0.072,0.043,0.073,0.038,0.072,0.04,0.072,-4.37752777777778,-3.84152777777778,-5.47818055555556,-8.2,3372.20833333333,-3.771,-3.441,3373.9,-3.7331
18,"2017-11-11","b",0.14275,0.0863055555555556,0.138,0.086,0.141,0.086,0.141,0.086,0.146,0.087,0.139,0.086,0.141,0.086,0.1094375,0.625708333333333,-1.3568125,-4.374,2843.27083333333,0.1129,0.639,2882.9,1.5355
14,"2018-01-18","b",0.0475035460992908,0.081177304964539,0.043,0.077,0.045,0.08,0.047,0.081,0.05,0.082,0.045,0.08,0.047,0.081,-6.65289361702128,-5.47897872340426,-3.02902836879433,-6.902,3178.28358208955,-4.7466,-4.6986,3381,0.529399999999999
16,"2018-07-24","b",0.188215277777778,0.202548611111111,0.186,0.165,0.186,0.1765,0.187,0.2,0.189,0.211,0.185,0.144,0.186,0.149,9.77451388888889,12.5083333333333,11.591125,1,3274,10.359,16.6,3294,14.517
7,"2018-04-01","b",0.140916666666667,0.108277777777778,0.14,0.107,0.141,0.107,0.141,0.107,0.142,0.111,0.141,0.107,0.141,0.107,-2.74258333333333,-3.12725694444444,-3.173875,-5.866,2196.97368421053,-2.606,-3.0193,2350,-0.206199999999995
11,"2018-10-30","b",0.235979166666667,0.0392222222222222,0.235,0.038,0.235,0.038,0.235,0.038,0.24,0.04,0.234,0.038,0.235,0.038,2.00082638888889,3.04933333333333,-3.667875,-8.87,3683.625,4.5548,3.457,3721,3.9953
8,"2018-10-17","b",0.286791666666667,0.177381944444444,0.286,0.176,0.286,0.176,0.286,0.176,0.2889,0.179,0.285,0.176,0.286,0.176,0.632430555555556,1.62149305555556,-5.63597916666667,-9.19,2075.31944444444,0.7229,1.808,2141.9,-0.173499999999999
11,"2018-10-06","b",0.230583333333333,-0.0273055555555556,0.22,-0.029,0.221,-0.028,0.222,-0.028,0.256,-0.025,0.216,-0.029,0.221,-0.028,4.90917361111111,6.50324305555556,-1.76461805555556,-3.97,3697.86805555556,7.197,7.488,3729.9,1.8192
8,"2018-08-09","b",0.178951388888889,0.150944444444444,0.159,0.143,0.17,0.1443,0.178,0.14975,0.194,0.158,0.153,0.144,0.158,0.145,9.46868055555556,8.02294444444444,9.06439583333333,1,2469.07638888889,11.99,8.5,2500.9,12.588
18,"2018-03-20","b",0.128979166666667,0.042,0.124,0.042,0.125,0.042,0.126,0.042,0.132,0.042,0.126,0.042,0.126,0.042,-1.94163194444444,-1.46819444444444,-11.8595833333333,-13.21,2675.94444444444,-1.931,-1.454,2723,-5.444
8,"2017-11-30","b",0.135090277777778,0.121888888888889,0.127,0.114,0.1283,0.115,0.13075,0.116,0.1509,0.137,0.125,0.107,0.129,0.113,-3.33135416666667,-1.25074305555556,-4.48294444444444,-5.856,2490.65277777778,-2.689,-0.841,2514,-2.7712
7,"2018-03-31","b",0.141479166666667,0.107527777777778,0.14,0.107,0.141,0.107,0.141,0.107,0.142,0.11,0.14,0.105,0.141,0.105,-2.86804166666667,-3.44243055555556,-4.542375,-6.018,551.935483870968,-2.706,-3.1091,2222.4,-1.9356
20,"2018-05-23","b",0.493354166666667,0.335479166666667,0.48,0.328,0.481,0.328,0.4875,0.329,0.499,0.465,0.48,0.323,0.48,0.325,4.01388194444444,0.372590277777778,5.49504166666667,1,3412.22916666667,7.6567,0.536,3436,9.503
15,"2018-08-15","a",0.728,0.182916666666667,0.728,0.173,0.728,0.174,0.728,0.17875,0.729,0.187,0.728,0.173,0.728,0.177,14.3767361111111,24.9814583333333,11.3380902777778,1,3422.57638888889,20.705,26.509,3437.9,15.79
13,"2018-08-25","b",0.214465277777778,0.463368055555556,0.211,0.458,0.212,0.46,0.214,0.46,0.225,0.466,0.2081,0.4501,0.211,0.46075,8.16614583333333,6.49478472222222,11.0703194444444,1,3257.04166666667,11.05,6.768,3298.9,14.13
16,"2018-11-19","b",0.163638888888889,0.0911736111111111,0.161,0.088,0.162,0.09,0.162,0.09,0.168,0.093,0.157,0.086,0.159,0.088,0.2236875,-1.16359722222222,-7.87854861111111,-10.58,3098.18055555556,0.299,-1.0953,3235.9,-3.3315
6,"2018-08-07","b",0.202007042253521,0.255619718309859,0.201,0.244,0.201,0.2441,0.201,0.24925,0.203,0.274,0.201,0.241,0.201,0.247,6.39702816901408,9.47904225352113,9.42587323943662,1,3072.50704225352,6.6911,11.232,3108,12.84
6,"2018-08-16","b",0.194826388888889,0.154576388888889,0.193,0.148,0.193,0.148,0.194,0.149,0.197,0.17,0.193,0.148,0.194,0.149,6.76530555555556,9.56461805555556,11.6579930555556,1,3069.34722222222,6.9341,11.251,3087,14.73
15,"2018-01-24","a",0.727384615384615,0.126608391608392,0.727,0.126,0.727,0.126,0.727,0.126,0.728,0.127,0.727,0.126,0.727,0.126,-2.44939160839161,19.3258741258741,-9.5017972027972,-13.53,3281.72727272727,-2.116,19.38,3317,-1.8657
16,"2018-06-28","b",0.318784722222222,0.163333333333333,0.315,0.136,0.315,0.1396,0.317,0.16275,0.327,0.209,0.311,0.128,0.313,0.13,7.20370833333333,11.7422222222222,15.1540277777778,1,3263.86805555556,7.7755,15.068,3284.9,18.226
20,"2018-11-04","b",0.229021739130435,0.193311594202899,0.228,0.193,0.228,0.193,0.229,0.193,0.229,0.194,0.227,0.192,0.228,0.193,-0.0369710144927536,1.14183333333333,-8.11708695652174,-9.09,3059.18115942029,-0.032,1.148,3343,-5.865
6,"2018-08-31","b",0.190416666666667,0.196201388888889,0.189,0.189,0.189,0.189,0.19,0.19175,0.192,0.214,0.189,0.1869,0.19,0.189,6.25584722222222,8.53091666666667,10.5470138888889,1,3070.06944444444,6.376,10.12,3084,13.24
12,"2018-03-02","b",0.0405140845070423,0.113387323943662,0.033,0.112,0.033,0.112,0.035,0.112,0.069,0.121,0.034,0.111,0.036,0.112,-5.89443661971831,-5.96952112676056,-5.37448591549296,-8.95,3457.9014084507,-1.8952,-4.5939,3500,0.2125
6,"2018-10-06","b",0.173069444444444,0.242222222222222,0.169,0.238,0.169,0.239,0.172,0.24,0.1851,0.262,0.17,0.233,0.172,0.238,3.84382638888889,4.36732638888889,-1.65460416666667,-3.744,3058.94594594595,4.3875,5.3859,3097.6,1.8055
18,"2018-06-04","b",0.372409722222222,0.136993055555556,0.346,0.124,0.348,0.126,0.36,0.13,0.4059,0.148,0.334,0.12,0.347,0.126,7.88013194444444,5.39028472222222,9.72716666666667,1,3530.66666666667,14.98,7.518,3558,14.847
12,"2018-03-18","b",0.089,0.126993006993007,0.083,0.124,0.083,0.1252,0.086,0.127,0.093,0.127,0.08,0.124,0.084,0.125,-6.18879020979021,-4.75467132867133,-6.68931468531469,-9.46,3495.74825174825,-4.6028,-4.1384,3543,-3.445
18,"2018-04-23","b",0.142534722222222,0.0488958333333333,0.13,0.046,0.133,0.047,0.137,0.048,0.174,0.051,0.131,0.046,0.134,0.046,-0.4383125,-0.572909722222222,1.83132638888889,-2.353,2581,-0.191,-0.118,2607,4.4331
15,"2018-05-14","a",0.727986111111111,0.205451388888889,0.727,0.198,0.728,0.2,0.728,0.202,0.728,0.224,0.728,0.199,0.728,0.201,-0.0194861111111111,5.54059722222222,1.58495833333333,-1.456,3142.65972222222,-0.019,6.685,3200,6.308
11,"2018-09-29","b",0.0275694444444444,-0.0296666666666667,0.024,-0.03,0.024,-0.03,0.025,-0.03,0.034,-0.029,0.024,-0.03,0.025,-0.03,9.65350694444444,9.18236111111111,8.75979861111111,1,3737.77777777778,13.72,9.52,3776,11.956
15,"2018-05-02","a",0.728354166666667,0.139701388888889,0.728,0.138,0.728,0.138,0.728,0.139,0.729,0.144,0.728,0.136,0.728,0.138,-0.018,15.7850694444444,-1.93256944444444,-3.457,500,-0.018,16.67,500,0.4998
13,"2018-09-13","b",0.161305555555556,0.451888888888889,0.155,0.449,0.159,0.4493,0.16,0.451,0.172,0.454,0.147,0.449,0.15,0.45,7.89579166666667,6.09538194444444,12.6920833333333,1,3275.38888888889,11.826,6.368,3292,16.696
7,"2018-01-01","b",0.148888888888889,0.103847222222222,0.148,0.102,0.148,0.103,0.148,0.103,0.15,0.106,0.147,0.102,0.148,0.103,-1.82560416666667,-3.5499375,-10.1312430555556,-12.15,2512.40277777778,-1.788,-3.298,2575,-6.931
20,"2018-03-22","b",0.0493680555555556,0.0762916666666667,0.045,0.074,0.047,0.075,0.048,0.075,0.055,0.078,0.043,0.073,0.044,0.073,-2.67346527777778,-2.51916666666667,-1.10563888888889,-4.265,3355.39583333333,-1.1325,-1.889,3392,2.0029
20,"2018-10-21","b",0.236604166666667,0.176888888888889,0.232,0.175,0.2323,0.175,0.233,0.176,0.249,0.18,0.23,0.176,0.233,0.177,0.586736111111111,1.79134027777778,2.50704166666667,0.349,500,1.6528,2.1459,500,6.0124
18,"2018-04-21","b",0.132805555555556,0.0460833333333333,0.129,0.046,0.131,0.046,0.131,0.046,0.135,0.046,0.13,0.046,0.131,0.046,-0.906409722222222,-0.648006944444445,-6.03284722222222,-9.16,2468.79166666667,-0.894,-0.646,2569,2.5817
20,"2018-04-18","b",0.059375,0.0850763888888889,0.058,0.084,0.058,0.084,0.058,0.085,0.06,0.086,0.058,0.084,0.059,0.084,-1.82208333333333,-1.26098611111111,-9.64120138888889,-14.16,3169.88194444444,-1.3829,-1.235,3226,2.5525
16,"2018-09-04","b",0.0950972222222222,0.0286736111111111,0.093,0.024,0.094,0.024,0.094,0.024,0.097,0.034,0.093,0.023,0.094,0.024,9.31173611111111,9.93520138888889,7.77635416666667,1,3275.8125,9.92,13.202,3294,9.985
13,"2018-08-28","b",0.202020833333333,0.466854166666667,0.199,0.465,0.199,0.465,0.201,0.466,0.208,0.469,0.197,0.462,0.197,0.465,7.57631944444444,6.68327083333333,9.02095138888889,1,3249.9375,10.07,7.0369,3280.9,12.767
18,"2018-03-11","b",0.128993006993007,0.0428951048951049,0.124,0.042,0.127,0.0422,0.127,0.043,0.132,0.044,0.126,0.043,0.127,0.043,-2.60639160839161,-1.98353146853147,-6.7363006993007,-10.89,2760.09090909091,-2.468,-1.882,2994,-3.2283
13,"2018-08-10","b",0.265236111111111,0.468034722222222,0.258,0.464,0.26,0.465,0.264,0.46575,0.276,0.471,0.2571,0.464,0.26,0.466,8.75315277777778,7.01952083333333,11.3587430555556,1,3291.75694444444,12.03,7.358,3308,15.453
9,"2018-07-07","b",0.114402777777778,0.110090277777778,0.112,0.104,0.114,0.107,0.114,0.108,0.116,0.115,0.114,0.106,0.114,0.108,9.8573125,8.13522916666667,12.8202083333333,1,2553.86805555556,15.728,8.53,2578.9,16.308
8,"2018-01-28","b",0.111034722222222,0.0732222222222222,0.108,0.07,0.11,0.072,0.111,0.073,0.114,0.075,0.11,0.072,0.111,0.073,-7.14861111111111,-5.67126388888889,-12.5673611111111,-14.28,2487.04166666667,-6.264,-5.271,2509.9,-7.8224
12,"2017-12-18","b",0.104805555555556,0.0749027777777778,0.103,0.074,0.103,0.074,0.104,0.074,0.108,0.079,0.104,0.074,0.105,0.074,-6.27225,-3.00070833333333,-6.33354861111111,-9.95,3531.85416666667,-4.0595,-2.2241,3554,-2.38
18,"2018-10-11","b",0.195326388888889,0.114236111111111,0.193,0.109,0.194,0.111,0.194,0.114,0.197,0.12,0.192,0.105,0.193,0.11,2.12873611111111,3.30806944444444,-4.93240277777778,-6.844,3269.73611111111,2.3728,3.6298,3563,-2.7879
11,"2018-07-14","b",0.0586111111111111,-0.0125625,0.049,-0.013,0.054,-0.013,0.055,-0.013,0.104,-0.01,0.045,-0.014,0.047,-0.013,13.7058333333333,11.3920138888889,12.37875,1,3753.46527777778,16.268,12.28,3775,15.345
6,"2018-11-02","b",0.204840277777778,0.262993055555556,0.203,0.262,0.204,0.262,0.20475,0.262,0.205,0.264,0.196,0.254,0.201,0.26,0.374083333333333,1.08454861111111,-4.76577083333333,-6.576,2577.28571428571,0.4371,1.165,2760.5,-3.655
20,"2018-03-21","b",0.0436875,0.0734791666666667,0.042,0.072,0.043,0.073,0.043,0.073,0.051,0.077,0.042,0.072,0.043,0.072,-3.05119444444444,-2.49814583333333,-6.93457638888889,-9.97,3242.04861111111,-2.4702,-2.155,3360,1.3456
7,"2018-01-17","b",0.142611111111111,0.100631944444444,0.142,0.099,0.142,0.099,0.142,0.1,0.145,0.105,0.142,0.1,0.142,0.101,-2.56722222222222,-4.47747916666667,-6.46325,-8.86,2398.07638888889,-2.239,-3.873,2522,-1.483
18,"2017-12-31","b",0.139125,0.0669166666666667,0.134,0.066,0.135,0.067,0.136,0.067,0.142,0.067,0.136,0.066,0.137,0.066,-0.698444444444444,-0.254166666666667,-7.50007638888889,-11.08,2659.07638888889,-0.6801,-0.247,2700,-1.4533
15,"2018-11-21","a",0.728398601398601,0.216202797202797,0.728,0.215,0.728,0.215,0.728,0.216,0.729,0.217,0.728,0.216,0.728,0.216,-0.0265384615384615,11.998041958042,-2.13012587412587,-4.682,500,0.009,12.03,500,-0.3262
7,"2018-04-16","b",0.144770833333333,0.115805555555556,0.143,0.114,0.143,0.114,0.144,0.114,0.146,0.116,0.143,0.109,0.143,0.11,-2.11076388888889,-2.51155555555556,-0.328194444444444,-3.563,700.822222222222,-2.0251,-2.316,617.000000000001,2.3994
8,"2018-08-04","b",0.274645833333333,0.217388888888889,0.116,0.127,0.2506,0.197,0.25875,0.201,0.293,0.227,0.091,0.127,0.11825,0.128,8.27780555555556,7.36040277777778,9.06836805555556,1,2416.38194444444,11.749,8.23,2476,12.608
18,"2018-03-17","b",0.129013888888889,0.0419444444444444,0.124,0.041,0.127,0.042,0.127,0.042,0.132,0.042,0.126,0.042,0.127,0.042,-2.03274305555556,-1.58871527777778,-4.68309027777778,-8.96,2848.52777777778,-1.96,-1.5151,2885,-2.077
18,"2018-03-19","b",0.129300699300699,0.042,0.124,0.042,0.126,0.042,0.127,0.042,0.132,0.042,0.126,0.042,0.126,0.042,-1.94672027972028,-1.48637062937063,-10.7923356643357,-13.36,2706.03496503496,-1.94,-1.465,2855,-4.652
16,"2018-07-13","b",0.236625,0.0455902777777778,0.233,0.04,0.235,0.041,0.236,0.041,0.239,0.053,0.232,0.035,0.233,0.041,8.70375,10.7925972222222,10.4876944444444,1,3265.18055555556,9.379,14.698,3287.9,15.213
6,"2018-07-23","b",0.201496503496503,0.287405594405594,0.194,0.276,0.198,0.277,0.199,0.279,0.214,0.322,0.198,0.216,0.2015,0.22,5.72593706293706,9.00328671328671,8.45335664335664,1,3049.22377622378,5.858,10.05,3097,14.51
20,"2018-05-09","b",0.187965277777778,0.129493055555556,0.186,0.126,0.187,0.128,0.187,0.128,0.19,0.132,0.185,0.126,0.186,0.128,-0.392201388888889,-0.619791666666667,6.68771527777778,1,3317.59722222222,-0.374,-0.568,3384.9,10.748
6,"2018-07-31","b",0.210083916083916,0.247678321678322,0.206,0.231,0.206,0.2312,0.207,0.236,0.209,0.258,0.205,0.228,0.206,0.234,6.03575524475524,8.5903986013986,8.57966433566434,1,3061.65034965035,6.2541,10.01,3090.1,13.001
16,"2018-09-10","b",0.0979513888888889,0.0423333333333333,0.097,0.035,0.097,0.036,0.09775,0.038,0.099,0.051,0.097,0.035,0.097,0.038,8.95611111111111,8.98475694444445,10.1585902777778,1,3286.81944444444,9.26,13.502,3306.9,13.962
